t_location_id,t_storage_unit_id,t_start_datetime,t_qty,t_pure_qty
location_demo,2,2023-01-01T07:00:00,141.73,141.73
location_demo,2,2023-01-01T12:00:00,170.64,170.64
location_demo,2,2023-01-01T17:00:00,206.68,206.68
location_demo,2,2023-01-02T07:00:00,113.66,113.66
location_demo,2,2023-01-02T12:00:00,172.37,172.37
location_demo,2,2023-01-02T17:00:00,196.04,196.04
location_demo,2,2023-01-03T07:00:00,148.52,148.52
location_demo,2,2023-01-03T12:00:00,213.66,213.66
location_demo,2,2023-01-03T17:00:00,195.73,195.73
location_demo,2,2023-01-04T07:00:00,132.41,132.41
location_demo,2,2023-01-04T12:00:00,159.01,159.01
location_demo,2,2023-01-04T17:00:00,215.26,215.26
location_demo,2,2023-01-05T07:00:00,124.69,124.69
location_demo,2,2023-01-05T12:00:00,185.16,185.16
location_demo,2,2023-01-05T17:00:00,206.72,206.72
location_demo,2,2023-01-06T07:00:00,108.67,108.67
location_demo,2,2023-01-06T12:00:00,179.87,179.87
location_demo,2,2023-01-06T17:00:00,227.37,227.37
location_demo,2,2023-01-07T07:00:00,147.94,147.94
location_demo,2,2023-01-07T12:00:00,223.84,223.84
location_demo,2,2023-01-07T17:00:00,256.26,256.26
location_demo,2,2023-01-08T07:00:00,138.88,138.88
location_demo,2,2023-01-08T12:00:00,203.03,203.03
location_demo,2,2023-01-08T17:00:00,217.24,217.24
location_demo,2,2023-01-09T07:00:00,145.9,145.9
location_demo,2,2023-01-09T12:00:00,174.96,174.96
location_demo,2,2023-01-09T17:00:00,183.12,183.12
location_demo,2,2023-01-10T07:00:00,114.29,114.29
location_demo,2,2023-01-10T12:00:00,167.01,167.01
location_demo,2,2023-01-10T17:00:00,183.91,183.91
location_demo,2,2023-01-11T07:00:00,143.54,143.54
location_demo,2,2023-01-11T12:00:00,185.27,185.27
location_demo,2,2023-01-11T17:00:00,207.58,207.58
location_demo,2,2023-01-12T07:00:00,151.57,151.57
location_demo,2,2023-01-12T12:00:00,156.6,156.6
location_demo,2,2023-01-12T17:00:00,189.44,189.44
location_demo,2,2023-01-13T07:00:00,115.33,115.33
location_demo,2,2023-01-13T12:00:00,190.71,190.71
location_demo,2,2023-01-13T17:00:00,207.49,207.49
location_demo,2,2023-01-14T07:00:00,144.63,144.63
location_demo,2,2023-01-14T12:00:00,218.79,218.79
location_demo,2,2023-01-14T17:00:00,207.1,207.1
location_demo,2,2023-01-15T07:00:00,130.65,130.65
location_demo,2,2023-01-15T12:00:00,216.73,216.73
location_demo,2,2023-01-15T17:00:00,213.52,213.52
location_demo,2,2023-01-16T07:00:00,115.58,115.58
location_demo,2,2023-01-16T12:00:00,154.84,154.84
location_demo,2,2023-01-16T17:00:00,207.57,207.57
location_demo,2,2023-01-17T07:00:00,115.75,115.75
location_demo,2,2023-01-17T12:00:00,158.56,158.56
location_demo,2,2023-01-17T17:00:00,161.53,161.53
location_demo,2,2023-01-18T07:00:00,136.29,136.29
location_demo,2,2023-01-18T12:00:00,178.53,178.53
location_demo,2,2023-01-18T17:00:00,194.47,194.47
location_demo,2,2023-01-19T07:00:00,147.2,147.2
location_demo,2,2023-01-19T12:00:00,168.46,168.46
location_demo,2,2023-01-19T17:00:00,203.5,203.5
location_demo,2,2023-01-20T07:00:00,144.03,144.03
location_demo,2,2023-01-20T12:00:00,174.04,174.04
location_demo,2,2023-01-20T17:00:00,236.43,236.43
location_demo,2,2023-01-21T07:00:00,133.0,133.0
location_demo,2,2023-01-21T12:00:00,226.45,226.45
location_demo,2,2023-01-21T17:00:00,255.06,255.06
location_demo,2,2023-01-22T07:00:00,144.73,144.73
location_demo,2,2023-01-22T12:00:00,173.82,173.82
location_demo,2,2023-01-22T17:00:00,227.61,227.61
location_demo,2,2023-01-23T07:00:00,137.23,137.23
location_demo,2,2023-01-23T12:00:00,154.91,154.91
location_demo,2,2023-01-23T17:00:00,188.26,188.26
location_demo,2,2023-01-24T07:00:00,121.58,121.58
location_demo,2,2023-01-24T12:00:00,176.42,176.42
location_demo,2,2023-01-24T17:00:00,217.73,217.73
location_demo,2,2023-01-25T07:00:00,107.11,107.11
location_demo,2,2023-01-25T12:00:00,157.95,157.95
location_demo,2,2023-01-25T17:00:00,212.08,212.08
location_demo,2,2023-01-26T07:00:00,119.28,119.28
location_demo,2,2023-01-26T12:00:00,180.64,180.64
location_demo,2,2023-01-26T17:00:00,187.18,187.18
location_demo,2,2023-01-27T07:00:00,138.26,138.26
location_demo,2,2023-01-27T12:00:00,183.3,183.3
location_demo,2,2023-01-27T17:00:00,216.33,216.33
location_demo,2,2023-01-28T07:00:00,138.16,138.16
location_demo,2,2023-01-28T12:00:00,224.08,224.08
location_demo,2,2023-01-28T17:00:00,228.88,228.88
location_demo,2,2023-01-29T07:00:00,131.5,131.5
location_demo,2,2023-01-29T12:00:00,192.99,192.99
location_demo,2,2023-01-29T17:00:00,225.76,225.76
location_demo,2,2023-01-30T07:00:00,146.25,146.25
location_demo,2,2023-01-30T12:00:00,151.1,151.1
location_demo,2,2023-01-30T17:00:00,186.86,186.86
location_demo,2,2023-01-31T07:00:00,153.91,153.91
location_demo,2,2023-01-31T12:00:00,179.46,179.46
location_demo,2,2023-01-31T17:00:00,197.52,197.52
location_demo,2,2023-02-01T07:00:00,155.55,155.55
location_demo,2,2023-02-01T12:00:00,187.96,187.96
location_demo,2,2023-02-01T17:00:00,231.08,231.08
location_demo,2,2023-02-02T07:00:00,139.33,139.33
location_demo,2,2023-02-02T12:00:00,169.67,169.67
location_demo,2,2023-02-02T17:00:00,193.65,193.65
location_demo,2,2023-02-03T07:00:00,117.81,117.81
location_demo,2,2023-02-03T12:00:00,151.94,151.94
location_demo,2,2023-02-03T17:00:00,178.99,178.99
location_demo,2,2023-02-04T07:00:00,153.84,153.84
location_demo,2,2023-02-04T12:00:00,216.04,216.04
location_demo,2,2023-02-04T17:00:00,239.31,239.31
location_demo,2,2023-02-05T07:00:00,157.79,157.79
location_demo,2,2023-02-05T12:00:00,164.54,164.54
location_demo,2,2023-02-05T17:00:00,240.2,240.2
location_demo,2,2023-02-06T07:00:00,155.41,155.41
location_demo,2,2023-02-06T12:00:00,163.43,163.43
location_demo,2,2023-02-06T17:00:00,205.41,205.41
location_demo,2,2023-02-07T07:00:00,164.35,164.35
location_demo,2,2023-02-07T12:00:00,185.0,185.0
location_demo,2,2023-02-07T17:00:00,217.27,217.27
location_demo,2,2023-02-08T07:00:00,118.72,118.72
location_demo,2,2023-02-08T12:00:00,194.62,194.62
location_demo,2,2023-02-08T17:00:00,222.94,222.94
location_demo,2,2023-02-09T07:00:00,134.51,134.51
location_demo,2,2023-02-09T12:00:00,163.16,163.16
location_demo,2,2023-02-09T17:00:00,188.99,188.99
location_demo,2,2023-02-10T07:00:00,119.26,119.26
location_demo,2,2023-02-10T12:00:00,204.55,204.55
location_demo,2,2023-02-10T17:00:00,245.67,245.67
location_demo,2,2023-02-11T07:00:00,156.05,156.05
location_demo,2,2023-02-11T12:00:00,196.3,196.3
location_demo,2,2023-02-11T17:00:00,222.65,222.65
location_demo,2,2023-02-12T07:00:00,141.4,141.4
location_demo,2,2023-02-12T12:00:00,175.01,175.01
location_demo,2,2023-02-12T17:00:00,218.23,218.23
location_demo,2,2023-02-13T07:00:00,126.1,126.1
location_demo,2,2023-02-13T12:00:00,164.66,164.66
location_demo,2,2023-02-13T17:00:00,199.95,199.95
location_demo,2,2023-02-14T07:00:00,128.87,128.87
location_demo,2,2023-02-14T12:00:00,192.16,192.16
location_demo,2,2023-02-14T17:00:00,192.03,192.03
location_demo,2,2023-02-15T07:00:00,126.87,126.87
location_demo,2,2023-02-15T12:00:00,184.95,184.95
location_demo,2,2023-02-15T17:00:00,212.11,212.11
location_demo,2,2023-02-16T07:00:00,168.4,168.4
location_demo,2,2023-02-16T12:00:00,182.85,182.85
location_demo,2,2023-02-16T17:00:00,224.03,224.03
location_demo,2,2023-02-17T07:00:00,130.98,130.98
location_demo,2,2023-02-17T12:00:00,215.23,215.23
location_demo,2,2023-02-17T17:00:00,229.16,229.16
location_demo,2,2023-02-18T07:00:00,178.37,178.37
location_demo,2,2023-02-18T12:00:00,221.75,221.75
location_demo,2,2023-02-18T17:00:00,247.37,247.37
location_demo,2,2023-02-19T07:00:00,142.8,142.8
location_demo,2,2023-02-19T12:00:00,194.42,194.42
location_demo,2,2023-02-19T17:00:00,273.44,273.44
location_demo,2,2023-02-20T07:00:00,114.67,114.67
location_demo,2,2023-02-20T12:00:00,189.7,189.7
location_demo,2,2023-02-20T17:00:00,200.2,200.2
location_demo,2,2023-02-21T07:00:00,142.96,142.96
location_demo,2,2023-02-21T12:00:00,172.97,172.97
location_demo,2,2023-02-21T17:00:00,210.08,210.08
location_demo,2,2023-02-22T07:00:00,164.38,164.38
location_demo,2,2023-02-22T12:00:00,186.97,186.97
location_demo,2,2023-02-22T17:00:00,212.36,212.36
location_demo,2,2023-02-23T07:00:00,133.19,133.19
location_demo,2,2023-02-23T12:00:00,188.55,188.55
location_demo,2,2023-02-23T17:00:00,228.35,228.35
location_demo,2,2023-02-24T07:00:00,124.94,124.94
location_demo,2,2023-02-24T12:00:00,171.73,171.73
location_demo,2,2023-02-24T17:00:00,207.3,207.3
location_demo,2,2023-02-25T07:00:00,168.03,168.03
location_demo,2,2023-02-25T12:00:00,180.44,180.44
location_demo,2,2023-02-25T17:00:00,229.71,229.71
location_demo,2,2023-02-26T07:00:00,165.07,165.07
location_demo,2,2023-02-26T12:00:00,179.96,179.96
location_demo,2,2023-02-26T17:00:00,226.45,226.45
location_demo,2,2023-02-27T07:00:00,145.3,145.3
location_demo,2,2023-02-27T12:00:00,189.02,189.02
location_demo,2,2023-02-27T17:00:00,183.54,183.54
location_demo,2,2023-02-28T07:00:00,112.05,112.05
location_demo,2,2023-02-28T12:00:00,171.72,171.72
location_demo,2,2023-02-28T17:00:00,218.98,218.98
location_demo,2,2023-03-01T07:00:00,135.87,135.87
location_demo,2,2023-03-01T12:00:00,168.53,168.53
location_demo,2,2023-03-01T17:00:00,203.49,203.49
location_demo,2,2023-03-02T07:00:00,151.35,151.35
location_demo,2,2023-03-02T12:00:00,160.13,160.13
location_demo,2,2023-03-02T17:00:00,201.72,201.72
location_demo,2,2023-03-03T07:00:00,155.14,155.14
location_demo,2,2023-03-03T12:00:00,167.32,167.32
location_demo,2,2023-03-03T17:00:00,232.78,232.78
location_demo,2,2023-03-04T07:00:00,158.74,158.74
location_demo,2,2023-03-04T12:00:00,235.79,235.79
location_demo,2,2023-03-04T17:00:00,252.48,252.48
location_demo,2,2023-03-05T07:00:00,125.26,125.26
location_demo,2,2023-03-05T12:00:00,199.34,199.34
location_demo,2,2023-03-05T17:00:00,242.11,242.11
location_demo,2,2023-03-06T07:00:00,136.72,136.72
location_demo,2,2023-03-06T12:00:00,178.51,178.51
location_demo,2,2023-03-06T17:00:00,200.22,200.22
location_demo,2,2023-03-07T07:00:00,142.45,142.45
location_demo,2,2023-03-07T12:00:00,169.3,169.3
location_demo,2,2023-03-07T17:00:00,205.73,205.73
location_demo,2,2023-03-08T07:00:00,162.24,162.24
location_demo,2,2023-03-08T12:00:00,186.66,186.66
location_demo,2,2023-03-08T17:00:00,198.88,198.88
location_demo,2,2023-03-09T07:00:00,160.26,160.26
location_demo,2,2023-03-09T12:00:00,207.1,207.1
location_demo,2,2023-03-09T17:00:00,197.54,197.54
location_demo,2,2023-03-10T07:00:00,134.84,134.84
location_demo,2,2023-03-10T12:00:00,173.75,173.75
location_demo,2,2023-03-10T17:00:00,220.38,220.38
location_demo,2,2023-03-11T07:00:00,135.07,135.07
location_demo,2,2023-03-11T12:00:00,212.5,212.5
location_demo,2,2023-03-11T17:00:00,281.9,281.9
location_demo,2,2023-03-12T07:00:00,124.44,124.44
location_demo,2,2023-03-12T12:00:00,171.88,171.88
location_demo,2,2023-03-12T17:00:00,227.23,227.23
location_demo,2,2023-03-13T07:00:00,128.58,128.58
location_demo,2,2023-03-13T12:00:00,154.4,154.4
location_demo,2,2023-03-13T17:00:00,219.62,219.62
location_demo,2,2023-03-14T07:00:00,133.98,133.98
location_demo,2,2023-03-14T12:00:00,168.51,168.51
location_demo,2,2023-03-14T17:00:00,195.67,195.67
location_demo,2,2023-03-15T07:00:00,146.84,146.84
location_demo,2,2023-03-15T12:00:00,176.04,176.04
location_demo,2,2023-03-15T17:00:00,217.27,217.27
location_demo,2,2023-03-16T07:00:00,132.28,132.28
location_demo,2,2023-03-16T12:00:00,218.75,218.75
location_demo,2,2023-03-16T17:00:00,228.88,228.88
location_demo,2,2023-03-17T07:00:00,136.5,136.5
location_demo,2,2023-03-17T12:00:00,208.46,208.46
location_demo,2,2023-03-17T17:00:00,232.27,232.27
location_demo,2,2023-03-18T07:00:00,131.13,131.13
location_demo,2,2023-03-18T12:00:00,206.38,206.38
location_demo,2,2023-03-18T17:00:00,222.66,222.66
location_demo,2,2023-03-19T07:00:00,166.81,166.81
location_demo,2,2023-03-19T12:00:00,178.23,178.23
location_demo,2,2023-03-19T17:00:00,251.16,251.16
location_demo,2,2023-03-20T07:00:00,135.24,135.24
location_demo,2,2023-03-20T12:00:00,188.07,188.07
location_demo,2,2023-03-20T17:00:00,216.12,216.12
location_demo,2,2023-03-21T07:00:00,115.06,115.06
location_demo,2,2023-03-21T12:00:00,170.57,170.57
location_demo,2,2023-03-21T17:00:00,193.03,193.03
location_demo,2,2023-03-22T07:00:00,151.44,151.44
location_demo,2,2023-03-22T12:00:00,179.03,179.03
location_demo,2,2023-03-22T17:00:00,251.42,251.42
location_demo,2,2023-03-23T07:00:00,150.04,150.04
location_demo,2,2023-03-23T12:00:00,207.22,207.22
location_demo,2,2023-03-23T17:00:00,219.47,219.47
location_demo,2,2023-03-24T07:00:00,141.92,141.92
location_demo,2,2023-03-24T12:00:00,184.5,184.5
location_demo,2,2023-03-24T17:00:00,232.67,232.67
location_demo,2,2023-03-25T07:00:00,158.11,158.11
location_demo,2,2023-03-25T12:00:00,204.6,204.6
location_demo,2,2023-03-25T17:00:00,206.58,206.58
location_demo,2,2023-03-26T07:00:00,183.65,183.65
location_demo,2,2023-03-26T12:00:00,212.64,212.64
location_demo,2,2023-03-26T17:00:00,257.24,257.24
location_demo,2,2023-03-27T07:00:00,137.12,137.12
location_demo,2,2023-03-27T12:00:00,184.64,184.64
location_demo,2,2023-03-27T17:00:00,204.23,204.23
location_demo,2,2023-03-28T07:00:00,167.87,167.87
location_demo,2,2023-03-28T12:00:00,169.36,169.36
location_demo,2,2023-03-28T17:00:00,227.6,227.6
location_demo,2,2023-03-29T07:00:00,125.71,125.71
location_demo,2,2023-03-29T12:00:00,161.2,161.2
location_demo,2,2023-03-29T17:00:00,186.69,186.69
location_demo,2,2023-03-30T07:00:00,133.76,133.76
location_demo,2,2023-03-30T12:00:00,179.34,179.34
location_demo,2,2023-03-30T17:00:00,219.42,219.42
location_demo,2,2023-03-31T07:00:00,130.41,130.41
location_demo,2,2023-03-31T12:00:00,198.44,198.44
location_demo,2,2023-03-31T17:00:00,212.45,212.45
location_demo,2,2023-04-01T07:00:00,143.5,143.5
location_demo,2,2023-04-01T12:00:00,195.19,195.19
location_demo,2,2023-04-01T17:00:00,233.5,233.5
location_demo,2,2023-04-02T07:00:00,151.35,151.35
location_demo,2,2023-04-02T12:00:00,191.07,191.07
location_demo,2,2023-04-02T17:00:00,212.96,212.96
location_demo,2,2023-04-03T07:00:00,126.76,126.76
location_demo,2,2023-04-03T12:00:00,188.43,188.43
location_demo,2,2023-04-03T17:00:00,186.96,186.96
location_demo,2,2023-04-04T07:00:00,111.06,111.06
location_demo,2,2023-04-04T12:00:00,178.35,178.35
location_demo,2,2023-04-04T17:00:00,196.43,196.43
location_demo,2,2023-04-05T07:00:00,122.98,122.98
location_demo,2,2023-04-05T12:00:00,203.38,203.38
location_demo,2,2023-04-05T17:00:00,228.35,228.35
location_demo,2,2023-04-06T07:00:00,154.99,154.99
location_demo,2,2023-04-06T12:00:00,169.03,169.03
location_demo,2,2023-04-06T17:00:00,200.12,200.12
location_demo,2,2023-04-07T07:00:00,122.34,122.34
location_demo,2,2023-04-07T12:00:00,181.27,181.27
location_demo,2,2023-04-07T17:00:00,193.39,193.39
location_demo,2,2023-04-08T07:00:00,135.29,135.29
location_demo,2,2023-04-08T12:00:00,205.95,205.95
location_demo,2,2023-04-08T17:00:00,239.2,239.2
location_demo,2,2023-04-09T07:00:00,124.9,124.9
location_demo,2,2023-04-09T12:00:00,215.26,215.26
location_demo,2,2023-04-09T17:00:00,234.39,234.39
location_demo,2,2023-04-10T07:00:00,112.2,112.2
location_demo,2,2023-04-10T12:00:00,206.05,206.05
location_demo,2,2023-04-10T17:00:00,218.27,218.27
location_demo,2,2023-04-11T07:00:00,136.29,136.29
location_demo,2,2023-04-11T12:00:00,203.06,203.06
location_demo,2,2023-04-11T17:00:00,212.6,212.6
location_demo,2,2023-04-12T07:00:00,116.06,116.06
location_demo,2,2023-04-12T12:00:00,149.42,149.42
location_demo,2,2023-04-12T17:00:00,192.97,192.97
location_demo,2,2023-04-13T07:00:00,146.9,146.9
location_demo,2,2023-04-13T12:00:00,217.41,217.41
location_demo,2,2023-04-13T17:00:00,212.48,212.48
location_demo,2,2023-04-14T07:00:00,137.91,137.91
location_demo,2,2023-04-14T12:00:00,186.27,186.27
location_demo,2,2023-04-14T17:00:00,256.89,256.89
location_demo,2,2023-04-15T07:00:00,156.14,156.14
location_demo,2,2023-04-15T12:00:00,210.95,210.95
location_demo,2,2023-04-15T17:00:00,267.28,267.28
location_demo,2,2023-04-16T07:00:00,154.8,154.8
location_demo,2,2023-04-16T12:00:00,199.96,199.96
location_demo,2,2023-04-16T17:00:00,235.68,235.68
location_demo,2,2023-04-17T07:00:00,145.19,145.19
location_demo,2,2023-04-17T12:00:00,179.22,179.22
location_demo,2,2023-04-17T17:00:00,242.13,242.13
location_demo,2,2023-04-18T07:00:00,118.66,118.66
location_demo,2,2023-04-18T12:00:00,177.88,177.88
location_demo,2,2023-04-18T17:00:00,200.11,200.11
location_demo,2,2023-04-19T07:00:00,150.16,150.16
location_demo,2,2023-04-19T12:00:00,203.79,203.79
location_demo,2,2023-04-19T17:00:00,215.65,215.65
location_demo,2,2023-04-20T07:00:00,152.21,152.21
location_demo,2,2023-04-20T12:00:00,182.79,182.79
location_demo,2,2023-04-20T17:00:00,204.1,204.1
location_demo,2,2023-04-21T07:00:00,156.84,156.84
location_demo,2,2023-04-21T12:00:00,175.97,175.97
location_demo,2,2023-04-21T17:00:00,230.23,230.23
location_demo,2,2023-04-22T07:00:00,142.09,142.09
location_demo,2,2023-04-22T12:00:00,204.83,204.83
location_demo,2,2023-04-22T17:00:00,231.09,231.09
location_demo,2,2023-04-23T07:00:00,178.61,178.61
location_demo,2,2023-04-23T12:00:00,192.58,192.58
location_demo,2,2023-04-23T17:00:00,227.28,227.28
location_demo,2,2023-04-24T07:00:00,143.48,143.48
location_demo,2,2023-04-24T12:00:00,166.82,166.82
location_demo,2,2023-04-24T17:00:00,172.02,172.02
location_demo,2,2023-04-25T07:00:00,151.84,151.84
location_demo,2,2023-04-25T12:00:00,168.67,168.67
location_demo,2,2023-04-25T17:00:00,205.89,205.89
location_demo,2,2023-04-26T07:00:00,114.42,114.42
location_demo,2,2023-04-26T12:00:00,200.3,200.3
location_demo,2,2023-04-26T17:00:00,205.18,205.18
location_demo,2,2023-04-27T07:00:00,125.91,125.91
location_demo,2,2023-04-27T12:00:00,183.27,183.27
location_demo,2,2023-04-27T17:00:00,224.21,224.21
location_demo,2,2023-04-28T07:00:00,141.23,141.23
location_demo,2,2023-04-28T12:00:00,191.47,191.47
location_demo,2,2023-04-28T17:00:00,262.68,262.68
location_demo,2,2023-04-29T07:00:00,152.55,152.55
location_demo,2,2023-04-29T12:00:00,245.59,245.59
location_demo,2,2023-04-29T17:00:00,251.16,251.16
location_demo,2,2023-04-30T07:00:00,129.48,129.48
location_demo,2,2023-04-30T12:00:00,181.68,181.68
location_demo,2,2023-04-30T17:00:00,262.82,262.82
location_demo,2,2023-05-01T07:00:00,153.8,153.8
location_demo,2,2023-05-01T12:00:00,192.11,192.11
location_demo,2,2023-05-01T17:00:00,212.45,212.45
location_demo,2,2023-05-02T07:00:00,141.85,141.85
location_demo,2,2023-05-02T12:00:00,187.79,187.79
location_demo,2,2023-05-02T17:00:00,223.16,223.16
location_demo,2,2023-05-03T07:00:00,115.66,115.66
location_demo,2,2023-05-03T12:00:00,170.18,170.18
location_demo,2,2023-05-03T17:00:00,200.26,200.26
location_demo,2,2023-05-04T07:00:00,138.09,138.09
location_demo,2,2023-05-04T12:00:00,202.25,202.25
location_demo,2,2023-05-04T17:00:00,203.29,203.29
location_demo,2,2023-05-05T07:00:00,160.21,160.21
location_demo,2,2023-05-05T12:00:00,176.45,176.45
location_demo,2,2023-05-05T17:00:00,212.19,212.19
location_demo,2,2023-05-06T07:00:00,143.41,143.41
location_demo,2,2023-05-06T12:00:00,191.96,191.96
location_demo,2,2023-05-06T17:00:00,254.01,254.01
location_demo,2,2023-05-07T07:00:00,144.4,144.4
location_demo,2,2023-05-07T12:00:00,211.31,211.31
location_demo,2,2023-05-07T17:00:00,203.94,203.94
location_demo,2,2023-05-08T07:00:00,104.18,104.18
location_demo,2,2023-05-08T12:00:00,164.17,164.17
location_demo,2,2023-05-08T17:00:00,192.22,192.22
location_demo,2,2023-05-09T07:00:00,141.62,141.62
location_demo,2,2023-05-09T12:00:00,190.52,190.52
location_demo,2,2023-05-09T17:00:00,209.61,209.61
location_demo,2,2023-05-10T07:00:00,149.54,149.54
location_demo,2,2023-05-10T12:00:00,166.99,166.99
location_demo,2,2023-05-10T17:00:00,229.2,229.2
location_demo,2,2023-05-11T07:00:00,137.82,137.82
location_demo,2,2023-05-11T12:00:00,158.07,158.07
location_demo,2,2023-05-11T17:00:00,227.22,227.22
location_demo,2,2023-05-12T07:00:00,151.85,151.85
location_demo,2,2023-05-12T12:00:00,223.68,223.68
location_demo,2,2023-05-12T17:00:00,249.28,249.28
location_demo,2,2023-05-13T07:00:00,179.88,179.88
location_demo,2,2023-05-13T12:00:00,222.56,222.56
location_demo,2,2023-05-13T17:00:00,237.44,237.44
location_demo,2,2023-05-14T07:00:00,170.55,170.55
location_demo,2,2023-05-14T12:00:00,209.2,209.2
location_demo,2,2023-05-14T17:00:00,217.43,217.43
location_demo,2,2023-05-15T07:00:00,139.78,139.78
location_demo,2,2023-05-15T12:00:00,162.67,162.67
location_demo,2,2023-05-15T17:00:00,203.56,203.56
location_demo,2,2023-05-16T07:00:00,149.98,149.98
location_demo,2,2023-05-16T12:00:00,178.88,178.88
location_demo,2,2023-05-16T17:00:00,196.61,196.61
location_demo,2,2023-05-17T07:00:00,155.18,155.18
location_demo,2,2023-05-17T12:00:00,173.94,173.94
location_demo,2,2023-05-17T17:00:00,190.62,190.62
location_demo,2,2023-05-18T07:00:00,105.12,105.12
location_demo,2,2023-05-18T12:00:00,148.14,148.14
location_demo,2,2023-05-18T17:00:00,175.69,175.69
location_demo,2,2023-05-19T07:00:00,129.78,129.78
location_demo,2,2023-05-19T12:00:00,165.71,165.71
location_demo,2,2023-05-19T17:00:00,238.2,238.2
location_demo,2,2023-05-20T07:00:00,146.01,146.01
location_demo,2,2023-05-20T12:00:00,234.27,234.27
location_demo,2,2023-05-20T17:00:00,247.81,247.81
location_demo,2,2023-05-21T07:00:00,170.37,170.37
location_demo,2,2023-05-21T12:00:00,193.1,193.1
location_demo,2,2023-05-21T17:00:00,228.44,228.44
location_demo,2,2023-05-22T07:00:00,141.82,141.82
location_demo,2,2023-05-22T12:00:00,169.88,169.88
location_demo,2,2023-05-22T17:00:00,222.03,222.03
location_demo,2,2023-05-23T07:00:00,140.39,140.39
location_demo,2,2023-05-23T12:00:00,191.37,191.37
location_demo,2,2023-05-23T17:00:00,215.38,215.38
location_demo,2,2023-05-24T07:00:00,142.23,142.23
location_demo,2,2023-05-24T12:00:00,186.44,186.44
location_demo,2,2023-05-24T17:00:00,257.25,257.25
location_demo,2,2023-05-25T07:00:00,138.25,138.25
location_demo,2,2023-05-25T12:00:00,176.83,176.83
location_demo,2,2023-05-25T17:00:00,209.75,209.75
location_demo,2,2023-05-26T07:00:00,127.9,127.9
location_demo,2,2023-05-26T12:00:00,167.44,167.44
location_demo,2,2023-05-26T17:00:00,211.63,211.63
location_demo,2,2023-05-27T07:00:00,135.76,135.76
location_demo,2,2023-05-27T12:00:00,195.55,195.55
location_demo,2,2023-05-27T17:00:00,204.05,204.05
location_demo,2,2023-05-28T07:00:00,141.14,141.14
location_demo,2,2023-05-28T12:00:00,194.46,194.46
location_demo,2,2023-05-28T17:00:00,188.15,188.15
location_demo,2,2023-05-29T07:00:00,154.38,154.38
location_demo,2,2023-05-29T12:00:00,168.24,168.24
location_demo,2,2023-05-29T17:00:00,193.36,193.36
location_demo,2,2023-05-30T07:00:00,134.89,134.89
location_demo,2,2023-05-30T12:00:00,207.2,207.2
location_demo,2,2023-05-30T17:00:00,230.88,230.88
location_demo,2,2023-05-31T07:00:00,116.97,116.97
location_demo,2,2023-05-31T12:00:00,208.48,208.48
location_demo,2,2023-05-31T17:00:00,219.05,219.05
location_demo,2,2023-06-01T07:00:00,136.78,136.78
location_demo,2,2023-06-01T12:00:00,175.02,175.02
location_demo,2,2023-06-01T17:00:00,195.17,195.17
location_demo,2,2023-06-02T07:00:00,111.92,111.92
location_demo,2,2023-06-02T12:00:00,191.18,191.18
location_demo,2,2023-06-02T17:00:00,209.42,209.42
location_demo,2,2023-06-03T07:00:00,133.76,133.76
location_demo,2,2023-06-03T12:00:00,193.0,193.0
location_demo,2,2023-06-03T17:00:00,238.86,238.86
location_demo,2,2023-06-04T07:00:00,162.29,162.29
location_demo,2,2023-06-04T12:00:00,218.08,218.08
location_demo,2,2023-06-04T17:00:00,235.51,235.51
location_demo,2,2023-06-05T07:00:00,127.1,127.1
location_demo,2,2023-06-05T12:00:00,139.61,139.61
location_demo,2,2023-06-05T17:00:00,167.08,167.08
location_demo,2,2023-06-06T07:00:00,136.87,136.87
location_demo,2,2023-06-06T12:00:00,164.66,164.66
location_demo,2,2023-06-06T17:00:00,182.66,182.66
location_demo,2,2023-06-07T07:00:00,144.51,144.51
location_demo,2,2023-06-07T12:00:00,181.95,181.95
location_demo,2,2023-06-07T17:00:00,219.95,219.95
location_demo,2,2023-06-08T07:00:00,134.81,134.81
location_demo,2,2023-06-08T12:00:00,181.15,181.15
location_demo,2,2023-06-08T17:00:00,230.13,230.13
location_demo,2,2023-06-09T07:00:00,152.96,152.96
location_demo,2,2023-06-09T12:00:00,160.06,160.06
location_demo,2,2023-06-09T17:00:00,189.89,189.89
location_demo,2,2023-06-10T07:00:00,153.65,153.65
location_demo,2,2023-06-10T12:00:00,184.56,184.56
location_demo,2,2023-06-10T17:00:00,206.78,206.78
location_demo,2,2023-06-11T07:00:00,154.58,154.58
location_demo,2,2023-06-11T12:00:00,182.3,182.3
location_demo,2,2023-06-11T17:00:00,222.78,222.78
location_demo,2,2023-06-12T07:00:00,108.12,108.12
location_demo,2,2023-06-12T12:00:00,172.19,172.19
location_demo,2,2023-06-12T17:00:00,189.03,189.03
location_demo,2,2023-06-13T07:00:00,127.72,127.72
location_demo,2,2023-06-13T12:00:00,164.34,164.34
location_demo,2,2023-06-13T17:00:00,204.73,204.73
location_demo,2,2023-06-14T07:00:00,133.39,133.39
location_demo,2,2023-06-14T12:00:00,157.89,157.89
location_demo,2,2023-06-14T17:00:00,189.61,189.61
location_demo,2,2023-06-15T07:00:00,138.58,138.58
location_demo,2,2023-06-15T12:00:00,189.56,189.56
location_demo,2,2023-06-15T17:00:00,210.56,210.56
location_demo,2,2023-06-16T07:00:00,156.06,156.06
location_demo,2,2023-06-16T12:00:00,190.72,190.72
location_demo,2,2023-06-16T17:00:00,215.44,215.44
location_demo,2,2023-06-17T07:00:00,179.27,179.27
location_demo,2,2023-06-17T12:00:00,226.92,226.92
location_demo,2,2023-06-17T17:00:00,224.93,224.93
location_demo,2,2023-06-18T07:00:00,145.67,145.67
location_demo,2,2023-06-18T12:00:00,194.0,194.0
location_demo,2,2023-06-18T17:00:00,187.39,187.39
location_demo,2,2023-06-19T07:00:00,94.86,94.86
location_demo,2,2023-06-19T12:00:00,137.78,137.78
location_demo,2,2023-06-19T17:00:00,160.26,160.26
location_demo,2,2023-06-20T07:00:00,104.58,104.58
location_demo,2,2023-06-20T12:00:00,156.46,156.46
location_demo,2,2023-06-20T17:00:00,187.93,187.93
location_demo,2,2023-06-21T07:00:00,132.32,132.32
location_demo,2,2023-06-21T12:00:00,170.87,170.87
location_demo,2,2023-06-21T17:00:00,177.97,177.97
location_demo,2,2023-06-22T07:00:00,135.66,135.66
location_demo,2,2023-06-22T12:00:00,209.66,209.66
location_demo,2,2023-06-22T17:00:00,207.0,207.0
location_demo,2,2023-06-23T07:00:00,112.47,112.47
location_demo,2,2023-06-23T12:00:00,167.15,167.15
location_demo,2,2023-06-23T17:00:00,222.49,222.49
location_demo,2,2023-06-24T07:00:00,159.22,159.22
location_demo,2,2023-06-24T12:00:00,194.56,194.56
location_demo,2,2023-06-24T17:00:00,237.87,237.87
location_demo,2,2023-06-25T07:00:00,134.78,134.78
location_demo,2,2023-06-25T12:00:00,177.15,177.15
location_demo,2,2023-06-25T17:00:00,237.26,237.26
location_demo,2,2023-06-26T07:00:00,104.17,104.17
location_demo,2,2023-06-26T12:00:00,147.7,147.7
location_demo,2,2023-06-26T17:00:00,175.85,175.85
location_demo,2,2023-06-27T07:00:00,118.66,118.66
location_demo,2,2023-06-27T12:00:00,161.48,161.48
location_demo,2,2023-06-27T17:00:00,193.61,193.61
location_demo,2,2023-06-28T07:00:00,144.98,144.98
location_demo,2,2023-06-28T12:00:00,172.43,172.43
location_demo,2,2023-06-28T17:00:00,219.92,219.92
location_demo,2,2023-06-29T07:00:00,140.88,140.88
location_demo,2,2023-06-29T12:00:00,166.37,166.37
location_demo,2,2023-06-29T17:00:00,215.77,215.77
location_demo,2,2023-06-30T07:00:00,122.14,122.14
location_demo,2,2023-06-30T12:00:00,170.58,170.58
location_demo,2,2023-06-30T17:00:00,234.62,234.62
location_demo,2,2023-07-01T07:00:00,147.89,147.89
location_demo,2,2023-07-01T12:00:00,169.92,169.92
location_demo,2,2023-07-01T17:00:00,213.86,213.86
location_demo,2,2023-07-02T07:00:00,142.46,142.46
location_demo,2,2023-07-02T12:00:00,194.49,194.49
location_demo,2,2023-07-02T17:00:00,194.62,194.62
location_demo,2,2023-07-03T07:00:00,137.92,137.92
location_demo,2,2023-07-03T12:00:00,195.81,195.81
location_demo,2,2023-07-03T17:00:00,191.97,191.97
location_demo,2,2023-07-04T07:00:00,116.1,116.1
location_demo,2,2023-07-04T12:00:00,186.11,186.11
location_demo,2,2023-07-04T17:00:00,191.78,191.78
location_demo,2,2023-07-05T07:00:00,108.48,108.48
location_demo,2,2023-07-05T12:00:00,176.9,176.9
location_demo,2,2023-07-05T17:00:00,189.06,189.06
location_demo,2,2023-07-06T07:00:00,133.94,133.94
location_demo,2,2023-07-06T12:00:00,179.07,179.07
location_demo,2,2023-07-06T17:00:00,243.89,243.89
location_demo,2,2023-07-07T07:00:00,152.11,152.11
location_demo,2,2023-07-07T12:00:00,210.62,210.62
location_demo,2,2023-07-07T17:00:00,235.37,235.37
location_demo,2,2023-07-08T07:00:00,147.64,147.64
location_demo,2,2023-07-08T12:00:00,178.85,178.85
location_demo,2,2023-07-08T17:00:00,217.0,217.0
location_demo,2,2023-07-09T07:00:00,110.45,110.45
location_demo,2,2023-07-09T12:00:00,161.12,161.12
location_demo,2,2023-07-09T17:00:00,182.98,182.98
location_demo,2,2023-07-10T07:00:00,106.05,106.05
location_demo,2,2023-07-10T12:00:00,163.06,163.06
location_demo,2,2023-07-10T17:00:00,199.41,199.41
location_demo,2,2023-07-11T07:00:00,109.47,109.47
location_demo,2,2023-07-11T12:00:00,168.76,168.76
location_demo,2,2023-07-11T17:00:00,190.54,190.54
location_demo,2,2023-07-12T07:00:00,132.95,132.95
location_demo,2,2023-07-12T12:00:00,139.85,139.85
location_demo,2,2023-07-12T17:00:00,203.66,203.66
location_demo,2,2023-07-13T07:00:00,144.84,144.84
location_demo,2,2023-07-13T12:00:00,163.65,163.65
location_demo,2,2023-07-13T17:00:00,185.67,185.67
location_demo,2,2023-07-14T07:00:00,150.27,150.27
location_demo,2,2023-07-14T12:00:00,200.66,200.66
location_demo,2,2023-07-14T17:00:00,215.7,215.7
location_demo,2,2023-07-15T07:00:00,132.17,132.17
location_demo,2,2023-07-15T12:00:00,221.58,221.58
location_demo,2,2023-07-15T17:00:00,244.59,244.59
location_demo,2,2023-07-16T07:00:00,112.82,112.82
location_demo,2,2023-07-16T12:00:00,173.34,173.34
location_demo,2,2023-07-16T17:00:00,219.94,219.94
location_demo,2,2023-07-17T07:00:00,97.64,97.64
location_demo,2,2023-07-17T12:00:00,141.12,141.12
location_demo,2,2023-07-17T17:00:00,176.58,176.58
location_demo,2,2023-07-18T07:00:00,125.29,125.29
location_demo,2,2023-07-18T12:00:00,170.05,170.05
location_demo,2,2023-07-18T17:00:00,195.02,195.02
location_demo,2,2023-07-19T07:00:00,118.27,118.27
location_demo,2,2023-07-19T12:00:00,185.96,185.96
location_demo,2,2023-07-19T17:00:00,182.29,182.29
location_demo,2,2023-07-20T07:00:00,118.02,118.02
location_demo,2,2023-07-20T12:00:00,179.26,179.26
location_demo,2,2023-07-20T17:00:00,208.23,208.23
location_demo,2,2023-07-21T07:00:00,123.54,123.54
location_demo,2,2023-07-21T12:00:00,207.83,207.83
location_demo,2,2023-07-21T17:00:00,241.89,241.89
location_demo,2,2023-07-22T07:00:00,141.97,141.97
location_demo,2,2023-07-22T12:00:00,173.78,173.78
location_demo,2,2023-07-22T17:00:00,211.68,211.68
location_demo,2,2023-07-23T07:00:00,121.39,121.39
location_demo,2,2023-07-23T12:00:00,176.94,176.94
location_demo,2,2023-07-23T17:00:00,206.91,206.91
location_demo,2,2023-07-24T07:00:00,116.96,116.96
location_demo,2,2023-07-24T12:00:00,177.59,177.59
location_demo,2,2023-07-24T17:00:00,175.0,175.0
location_demo,2,2023-07-25T07:00:00,135.0,135.0
location_demo,2,2023-07-25T12:00:00,155.68,155.68
location_demo,2,2023-07-25T17:00:00,193.04,193.04
location_demo,2,2023-07-26T07:00:00,130.6,130.6
location_demo,2,2023-07-26T12:00:00,145.23,145.23
location_demo,2,2023-07-26T17:00:00,183.75,183.75
location_demo,2,2023-07-27T07:00:00,132.53,132.53
location_demo,2,2023-07-27T12:00:00,156.9,156.9
location_demo,2,2023-07-27T17:00:00,174.68,174.68
location_demo,2,2023-07-28T07:00:00,107.95,107.95
location_demo,2,2023-07-28T12:00:00,157.4,157.4
location_demo,2,2023-07-28T17:00:00,185.5,185.5
location_demo,2,2023-07-29T07:00:00,170.6,170.6
location_demo,2,2023-07-29T12:00:00,192.68,192.68
location_demo,2,2023-07-29T17:00:00,244.1,244.1
location_demo,2,2023-07-30T07:00:00,140.09,140.09
location_demo,2,2023-07-30T12:00:00,200.15,200.15
location_demo,2,2023-07-30T17:00:00,236.78,236.78
location_demo,2,2023-07-31T07:00:00,103.47,103.47
location_demo,2,2023-07-31T12:00:00,172.37,172.37
location_demo,2,2023-07-31T17:00:00,195.01,195.01
location_demo,2,2023-08-01T07:00:00,108.74,108.74
location_demo,2,2023-08-01T12:00:00,165.67,165.67
location_demo,2,2023-08-01T17:00:00,161.59,161.59
location_demo,2,2023-08-02T07:00:00,126.89,126.89
location_demo,2,2023-08-02T12:00:00,203.62,203.62
location_demo,2,2023-08-02T17:00:00,192.32,192.32
location_demo,2,2023-08-03T07:00:00,109.09,109.09
location_demo,2,2023-08-03T12:00:00,198.71,198.71
location_demo,2,2023-08-03T17:00:00,197.37,197.37
location_demo,2,2023-08-04T07:00:00,134.01,134.01
location_demo,2,2023-08-04T12:00:00,185.87,185.87
location_demo,2,2023-08-04T17:00:00,174.06,174.06
location_demo,2,2023-08-05T07:00:00,164.37,164.37
location_demo,2,2023-08-05T12:00:00,177.36,177.36
location_demo,2,2023-08-05T17:00:00,213.02,213.02
location_demo,2,2023-08-06T07:00:00,137.26,137.26
location_demo,2,2023-08-06T12:00:00,174.75,174.75
location_demo,2,2023-08-06T17:00:00,216.74,216.74
location_demo,2,2023-08-07T07:00:00,97.59,97.59
location_demo,2,2023-08-07T12:00:00,124.4,124.4
location_demo,2,2023-08-07T17:00:00,174.6,174.6
location_demo,2,2023-08-08T07:00:00,127.24,127.24
location_demo,2,2023-08-08T12:00:00,158.06,158.06
location_demo,2,2023-08-08T17:00:00,178.28,178.28
location_demo,2,2023-08-09T07:00:00,125.36,125.36
location_demo,2,2023-08-09T12:00:00,166.24,166.24
location_demo,2,2023-08-09T17:00:00,204.69,204.69
location_demo,2,2023-08-10T07:00:00,147.38,147.38
location_demo,2,2023-08-10T12:00:00,158.39,158.39
location_demo,2,2023-08-10T17:00:00,210.47,210.47
location_demo,2,2023-08-11T07:00:00,126.87,126.87
location_demo,2,2023-08-11T12:00:00,155.82,155.82
location_demo,2,2023-08-11T17:00:00,203.27,203.27
location_demo,2,2023-08-12T07:00:00,139.82,139.82
location_demo,2,2023-08-12T12:00:00,204.56,204.56
location_demo,2,2023-08-12T17:00:00,207.17,207.17
location_demo,2,2023-08-13T07:00:00,154.9,154.9
location_demo,2,2023-08-13T12:00:00,155.97,155.97
location_demo,2,2023-08-13T17:00:00,199.2,199.2
location_demo,2,2023-08-14T07:00:00,126.81,126.81
location_demo,2,2023-08-14T12:00:00,137.08,137.08
location_demo,2,2023-08-14T17:00:00,166.11,166.11
location_demo,2,2023-08-15T07:00:00,116.16,116.16
location_demo,2,2023-08-15T12:00:00,149.77,149.77
location_demo,2,2023-08-15T17:00:00,164.53,164.53
location_demo,2,2023-08-16T07:00:00,117.93,117.93
location_demo,2,2023-08-16T12:00:00,141.56,141.56
location_demo,2,2023-08-16T17:00:00,186.46,186.46
location_demo,2,2023-08-17T07:00:00,121.27,121.27
location_demo,2,2023-08-17T12:00:00,171.66,171.66
location_demo,2,2023-08-17T17:00:00,196.76,196.76
location_demo,2,2023-08-18T07:00:00,132.53,132.53
location_demo,2,2023-08-18T12:00:00,153.33,153.33
location_demo,2,2023-08-18T17:00:00,208.82,208.82
location_demo,2,2023-08-19T07:00:00,117.67,117.67
location_demo,2,2023-08-19T12:00:00,214.71,214.71
location_demo,2,2023-08-19T17:00:00,243.48,243.48
location_demo,2,2023-08-20T07:00:00,114.85,114.85
location_demo,2,2023-08-20T12:00:00,174.41,174.41
location_demo,2,2023-08-20T17:00:00,214.36,214.36
location_demo,2,2023-08-21T07:00:00,120.34,120.34
location_demo,2,2023-08-21T12:00:00,140.13,140.13
location_demo,2,2023-08-21T17:00:00,163.21,163.21
location_demo,2,2023-08-22T07:00:00,126.22,126.22
location_demo,2,2023-08-22T12:00:00,175.18,175.18
location_demo,2,2023-08-22T17:00:00,168.52,168.52
location_demo,2,2023-08-23T07:00:00,114.51,114.51
location_demo,2,2023-08-23T12:00:00,153.26,153.26
location_demo,2,2023-08-23T17:00:00,156.02,156.02
location_demo,2,2023-08-24T07:00:00,127.78,127.78
location_demo,2,2023-08-24T12:00:00,172.24,172.24
location_demo,2,2023-08-24T17:00:00,181.92,181.92
location_demo,2,2023-08-25T07:00:00,124.93,124.93
location_demo,2,2023-08-25T12:00:00,185.36,185.36
location_demo,2,2023-08-25T17:00:00,181.79,181.79
location_demo,2,2023-08-26T07:00:00,164.89,164.89
location_demo,2,2023-08-26T12:00:00,201.16,201.16
location_demo,2,2023-08-26T17:00:00,224.99,224.99
location_demo,2,2023-08-27T07:00:00,130.13,130.13
location_demo,2,2023-08-27T12:00:00,171.51,171.51
location_demo,2,2023-08-27T17:00:00,227.76,227.76
location_demo,2,2023-08-28T07:00:00,116.49,116.49
location_demo,2,2023-08-28T12:00:00,178.69,178.69
location_demo,2,2023-08-28T17:00:00,184.64,184.64
location_demo,2,2023-08-29T07:00:00,129.53,129.53
location_demo,2,2023-08-29T12:00:00,173.98,173.98
location_demo,2,2023-08-29T17:00:00,212.08,212.08
location_demo,2,2023-08-30T07:00:00,125.43,125.43
location_demo,2,2023-08-30T12:00:00,177.43,177.43
location_demo,2,2023-08-30T17:00:00,166.44,166.44
location_demo,2,2023-08-31T07:00:00,108.08,108.08
location_demo,2,2023-08-31T12:00:00,145.87,145.87
location_demo,2,2023-08-31T17:00:00,183.08,183.08
location_demo,2,2023-09-01T07:00:00,128.37,128.37
location_demo,2,2023-09-01T12:00:00,181.45,181.45
location_demo,2,2023-09-01T17:00:00,219.32,219.32
location_demo,2,2023-09-02T07:00:00,144.02,144.02
location_demo,2,2023-09-02T12:00:00,190.93,190.93
location_demo,2,2023-09-02T17:00:00,197.62,197.62
location_demo,2,2023-09-03T07:00:00,156.65,156.65
location_demo,2,2023-09-03T12:00:00,166.83,166.83
location_demo,2,2023-09-03T17:00:00,220.06,220.06
location_demo,2,2023-09-04T07:00:00,122.21,122.21
location_demo,2,2023-09-04T12:00:00,131.6,131.6
location_demo,2,2023-09-04T17:00:00,169.57,169.57
location_demo,2,2023-09-05T07:00:00,142.91,142.91
location_demo,2,2023-09-05T12:00:00,170.36,170.36
location_demo,2,2023-09-05T17:00:00,176.19,176.19
location_demo,2,2023-09-06T07:00:00,112.09,112.09
location_demo,2,2023-09-06T12:00:00,138.89,138.89
location_demo,2,2023-09-06T17:00:00,189.11,189.11
location_demo,2,2023-09-07T07:00:00,107.08,107.08
location_demo,2,2023-09-07T12:00:00,155.13,155.13
location_demo,2,2023-09-07T17:00:00,196.95,196.95
location_demo,2,2023-09-08T07:00:00,142.88,142.88
location_demo,2,2023-09-08T12:00:00,167.17,167.17
location_demo,2,2023-09-08T17:00:00,186.17,186.17
location_demo,2,2023-09-09T07:00:00,157.57,157.57
location_demo,2,2023-09-09T12:00:00,191.77,191.77
location_demo,2,2023-09-09T17:00:00,225.71,225.71
location_demo,2,2023-09-10T07:00:00,129.86,129.86
location_demo,2,2023-09-10T12:00:00,170.04,170.04
location_demo,2,2023-09-10T17:00:00,189.87,189.87
location_demo,2,2023-09-11T07:00:00,117.34,117.34
location_demo,2,2023-09-11T12:00:00,154.97,154.97
location_demo,2,2023-09-11T17:00:00,177.77,177.77
location_demo,2,2023-09-12T07:00:00,111.66,111.66
location_demo,2,2023-09-12T12:00:00,164.39,164.39
location_demo,2,2023-09-12T17:00:00,160.65,160.65
location_demo,2,2023-09-13T07:00:00,119.4,119.4
location_demo,2,2023-09-13T12:00:00,160.67,160.67
location_demo,2,2023-09-13T17:00:00,172.03,172.03
location_demo,2,2023-09-14T07:00:00,122.57,122.57
location_demo,2,2023-09-14T12:00:00,146.93,146.93
location_demo,2,2023-09-14T17:00:00,183.15,183.15
location_demo,2,2023-09-15T07:00:00,111.43,111.43
location_demo,2,2023-09-15T12:00:00,152.41,152.41
location_demo,2,2023-09-15T17:00:00,188.24,188.24
location_demo,2,2023-09-16T07:00:00,149.01,149.01
location_demo,2,2023-09-16T12:00:00,172.91,172.91
location_demo,2,2023-09-16T17:00:00,239.41,239.41
location_demo,2,2023-09-17T07:00:00,139.09,139.09
location_demo,2,2023-09-17T12:00:00,187.27,187.27
location_demo,2,2023-09-17T17:00:00,201.51,201.51
location_demo,2,2023-09-18T07:00:00,99.55,99.55
location_demo,2,2023-09-18T12:00:00,129.27,129.27
location_demo,2,2023-09-18T17:00:00,147.59,147.59
location_demo,2,2023-09-19T07:00:00,113.54,113.54
location_demo,2,2023-09-19T12:00:00,139.27,139.27
location_demo,2,2023-09-19T17:00:00,196.28,196.28
location_demo,2,2023-09-20T07:00:00,102.19,102.19
location_demo,2,2023-09-20T12:00:00,137.28,137.28
location_demo,2,2023-09-20T17:00:00,151.65,151.65
location_demo,2,2023-09-21T07:00:00,124.0,124.0
location_demo,2,2023-09-21T12:00:00,190.96,190.96
location_demo,2,2023-09-21T17:00:00,187.98,187.98
location_demo,2,2023-09-22T07:00:00,119.12,119.12
location_demo,2,2023-09-22T12:00:00,190.87,190.87
location_demo,2,2023-09-22T17:00:00,232.54,232.54
location_demo,2,2023-09-23T07:00:00,136.71,136.71
location_demo,2,2023-09-23T12:00:00,173.45,173.45
location_demo,2,2023-09-23T17:00:00,186.83,186.83
location_demo,2,2023-09-24T07:00:00,123.26,123.26
location_demo,2,2023-09-24T12:00:00,197.14,197.14
location_demo,2,2023-09-24T17:00:00,209.99,209.99
location_demo,2,2023-09-25T07:00:00,105.93,105.93
location_demo,2,2023-09-25T12:00:00,129.5,129.5
location_demo,2,2023-09-25T17:00:00,182.21,182.21
location_demo,2,2023-09-26T07:00:00,123.16,123.16
location_demo,2,2023-09-26T12:00:00,153.77,153.77
location_demo,2,2023-09-26T17:00:00,169.74,169.74
location_demo,2,2023-09-27T07:00:00,119.75,119.75
location_demo,2,2023-09-27T12:00:00,140.94,140.94
location_demo,2,2023-09-27T17:00:00,161.53,161.53
location_demo,2,2023-09-28T07:00:00,107.78,107.78
location_demo,2,2023-09-28T12:00:00,141.67,141.67
location_demo,2,2023-09-28T17:00:00,182.43,182.43
location_demo,2,2023-09-29T07:00:00,125.82,125.82
location_demo,2,2023-09-29T12:00:00,204.15,204.15
location_demo,2,2023-09-29T17:00:00,199.3,199.3
location_demo,2,2023-09-30T07:00:00,111.5,111.5
location_demo,2,2023-09-30T12:00:00,174.59,174.59
location_demo,2,2023-09-30T17:00:00,221.6,221.6
location_demo,2,2023-10-01T07:00:00,136.17,136.17
location_demo,2,2023-10-01T12:00:00,150.58,150.58
location_demo,2,2023-10-01T17:00:00,180.02,180.02
location_demo,2,2023-10-02T07:00:00,123.29,123.29
location_demo,2,2023-10-02T12:00:00,146.09,146.09
location_demo,2,2023-10-02T17:00:00,172.83,172.83
location_demo,2,2023-10-03T07:00:00,101.82,101.82
location_demo,2,2023-10-03T12:00:00,157.46,157.46
location_demo,2,2023-10-03T17:00:00,173.98,173.98
location_demo,2,2023-10-04T07:00:00,115.07,115.07
location_demo,2,2023-10-04T12:00:00,129.2,129.2
location_demo,2,2023-10-04T17:00:00,174.32,174.32
location_demo,2,2023-10-05T07:00:00,111.79,111.79
location_demo,2,2023-10-05T12:00:00,143.69,143.69
location_demo,2,2023-10-05T17:00:00,177.03,177.03
location_demo,2,2023-10-06T07:00:00,112.15,112.15
location_demo,2,2023-10-06T12:00:00,160.26,160.26
location_demo,2,2023-10-06T17:00:00,183.17,183.17
location_demo,2,2023-10-07T07:00:00,130.66,130.66
location_demo,2,2023-10-07T12:00:00,178.45,178.45
location_demo,2,2023-10-07T17:00:00,204.44,204.44
location_demo,2,2023-10-08T07:00:00,129.29,129.29
location_demo,2,2023-10-08T12:00:00,194.07,194.07
location_demo,2,2023-10-08T17:00:00,226.8,226.8
location_demo,2,2023-10-09T07:00:00,98.75,98.75
location_demo,2,2023-10-09T12:00:00,158.05,158.05
location_demo,2,2023-10-09T17:00:00,188.43,188.43
location_demo,2,2023-10-10T07:00:00,103.7,103.7
location_demo,2,2023-10-10T12:00:00,159.24,159.24
location_demo,2,2023-10-10T17:00:00,177.23,177.23
location_demo,2,2023-10-11T07:00:00,128.28,128.28
location_demo,2,2023-10-11T12:00:00,176.46,176.46
location_demo,2,2023-10-11T17:00:00,180.82,180.82
location_demo,2,2023-10-12T07:00:00,140.27,140.27
location_demo,2,2023-10-12T12:00:00,195.9,195.9
location_demo,2,2023-10-12T17:00:00,225.61,225.61
location_demo,2,2023-10-13T07:00:00,105.64,105.64
location_demo,2,2023-10-13T12:00:00,190.02,190.02
location_demo,2,2023-10-13T17:00:00,218.41,218.41
location_demo,2,2023-10-14T07:00:00,148.8,148.8
location_demo,2,2023-10-14T12:00:00,183.49,183.49
location_demo,2,2023-10-14T17:00:00,202.28,202.28
location_demo,2,2023-10-15T07:00:00,154.9,154.9
location_demo,2,2023-10-15T12:00:00,195.38,195.38
location_demo,2,2023-10-15T17:00:00,232.16,232.16
location_demo,2,2023-10-16T07:00:00,136.39,136.39
location_demo,2,2023-10-16T12:00:00,134.83,134.83
location_demo,2,2023-10-16T17:00:00,181.3,181.3
location_demo,2,2023-10-17T07:00:00,121.73,121.73
location_demo,2,2023-10-17T12:00:00,166.27,166.27
location_demo,2,2023-10-17T17:00:00,201.46,201.46
location_demo,2,2023-10-18T07:00:00,121.58,121.58
location_demo,2,2023-10-18T12:00:00,169.96,169.96
location_demo,2,2023-10-18T17:00:00,199.05,199.05
location_demo,2,2023-10-19T07:00:00,130.31,130.31
location_demo,2,2023-10-19T12:00:00,150.54,150.54
location_demo,2,2023-10-19T17:00:00,176.39,176.39
location_demo,2,2023-10-20T07:00:00,125.4,125.4
location_demo,2,2023-10-20T12:00:00,161.87,161.87
location_demo,2,2023-10-20T17:00:00,207.09,207.09
location_demo,2,2023-10-21T07:00:00,162.31,162.31
location_demo,2,2023-10-21T12:00:00,177.8,177.8
location_demo,2,2023-10-21T17:00:00,239.03,239.03
location_demo,2,2023-10-22T07:00:00,136.54,136.54
location_demo,2,2023-10-22T12:00:00,169.79,169.79
location_demo,2,2023-10-22T17:00:00,207.92,207.92
location_demo,2,2023-10-23T07:00:00,145.41,145.41
location_demo,2,2023-10-23T12:00:00,150.97,150.97
location_demo,2,2023-10-23T17:00:00,179.44,179.44
location_demo,2,2023-10-24T07:00:00,131.96,131.96
location_demo,2,2023-10-24T12:00:00,185.66,185.66
location_demo,2,2023-10-24T17:00:00,252.63,252.63
location_demo,2,2023-10-25T07:00:00,118.61,118.61
location_demo,2,2023-10-25T12:00:00,150.79,150.79
location_demo,2,2023-10-25T17:00:00,223.06,223.06
location_demo,2,2023-10-26T07:00:00,102.72,102.72
location_demo,2,2023-10-26T12:00:00,153.29,153.29
location_demo,2,2023-10-26T17:00:00,205.88,205.88
location_demo,2,2023-10-27T07:00:00,124.95,124.95
location_demo,2,2023-10-27T12:00:00,180.29,180.29
location_demo,2,2023-10-27T17:00:00,204.19,204.19
location_demo,2,2023-10-28T07:00:00,105.17,105.17
location_demo,2,2023-10-28T12:00:00,171.35,171.35
location_demo,2,2023-10-28T17:00:00,201.36,201.36
location_demo,2,2023-10-29T07:00:00,144.9,144.9
location_demo,2,2023-10-29T12:00:00,181.31,181.31
location_demo,2,2023-10-29T17:00:00,212.94,212.94
location_demo,2,2023-10-30T07:00:00,109.73,109.73
location_demo,2,2023-10-30T12:00:00,145.05,145.05
location_demo,2,2023-10-30T17:00:00,169.13,169.13
location_demo,2,2023-10-31T07:00:00,112.91,112.91
location_demo,2,2023-10-31T12:00:00,172.11,172.11
location_demo,2,2023-10-31T17:00:00,168.21,168.21
location_demo,2,2023-11-01T07:00:00,105.69,105.69
location_demo,2,2023-11-01T12:00:00,164.04,164.04
location_demo,2,2023-11-01T17:00:00,171.9,171.9
location_demo,2,2023-11-02T07:00:00,129.15,129.15
location_demo,2,2023-11-02T12:00:00,162.95,162.95
location_demo,2,2023-11-02T17:00:00,172.6,172.6
location_demo,2,2023-11-03T07:00:00,146.87,146.87
location_demo,2,2023-11-03T12:00:00,166.3,166.3
location_demo,2,2023-11-03T17:00:00,190.31,190.31
location_demo,2,2023-11-04T07:00:00,151.94,151.94
location_demo,2,2023-11-04T12:00:00,161.95,161.95
location_demo,2,2023-11-04T17:00:00,213.43,213.43
location_demo,2,2023-11-05T07:00:00,123.19,123.19
location_demo,2,2023-11-05T12:00:00,172.29,172.29
location_demo,2,2023-11-05T17:00:00,207.03,207.03
location_demo,2,2023-11-06T07:00:00,107.34,107.34
location_demo,2,2023-11-06T12:00:00,126.25,126.25
location_demo,2,2023-11-06T17:00:00,171.96,171.96
location_demo,2,2023-11-07T07:00:00,141.54,141.54
location_demo,2,2023-11-07T12:00:00,174.37,174.37
location_demo,2,2023-11-07T17:00:00,206.64,206.64
location_demo,2,2023-11-08T07:00:00,134.8,134.8
location_demo,2,2023-11-08T12:00:00,164.51,164.51
location_demo,2,2023-11-08T17:00:00,174.0,174.0
location_demo,2,2023-11-09T07:00:00,114.12,114.12
location_demo,2,2023-11-09T12:00:00,180.22,180.22
location_demo,2,2023-11-09T17:00:00,198.94,198.94
location_demo,2,2023-11-10T07:00:00,128.1,128.1
location_demo,2,2023-11-10T12:00:00,141.35,141.35
location_demo,2,2023-11-10T17:00:00,176.24,176.24
location_demo,2,2023-11-11T07:00:00,115.17,115.17
location_demo,2,2023-11-11T12:00:00,185.36,185.36
location_demo,2,2023-11-11T17:00:00,206.48,206.48
location_demo,2,2023-11-12T07:00:00,156.97,156.97
location_demo,2,2023-11-12T12:00:00,209.92,209.92
location_demo,2,2023-11-12T17:00:00,239.52,239.52
location_demo,2,2023-11-13T07:00:00,128.04,128.04
location_demo,2,2023-11-13T12:00:00,155.39,155.39
location_demo,2,2023-11-13T17:00:00,190.88,190.88
location_demo,2,2023-11-14T07:00:00,143.35,143.35
location_demo,2,2023-11-14T12:00:00,222.94,222.94
location_demo,2,2023-11-14T17:00:00,230.57,230.57
location_demo,2,2023-11-15T07:00:00,122.5,122.5
location_demo,2,2023-11-15T12:00:00,162.28,162.28
location_demo,2,2023-11-15T17:00:00,181.14,181.14
location_demo,2,2023-11-16T07:00:00,95.82,95.82
location_demo,2,2023-11-16T12:00:00,168.5,168.5
location_demo,2,2023-11-16T17:00:00,189.5,189.5
location_demo,2,2023-11-17T07:00:00,116.03,116.03
location_demo,2,2023-11-17T12:00:00,176.78,176.78
location_demo,2,2023-11-17T17:00:00,193.87,193.87
location_demo,2,2023-11-18T07:00:00,155.63,155.63
location_demo,2,2023-11-18T12:00:00,186.5,186.5
location_demo,2,2023-11-18T17:00:00,240.38,240.38
location_demo,2,2023-11-19T07:00:00,138.12,138.12
location_demo,2,2023-11-19T12:00:00,189.52,189.52
location_demo,2,2023-11-19T17:00:00,207.67,207.67
location_demo,2,2023-11-20T07:00:00,114.62,114.62
location_demo,2,2023-11-20T12:00:00,147.55,147.55
location_demo,2,2023-11-20T17:00:00,200.94,200.94
location_demo,2,2023-11-21T07:00:00,138.56,138.56
location_demo,2,2023-11-21T12:00:00,197.53,197.53
location_demo,2,2023-11-21T17:00:00,228.65,228.65
location_demo,2,2023-11-22T07:00:00,135.36,135.36
location_demo,2,2023-11-22T12:00:00,169.46,169.46
location_demo,2,2023-11-22T17:00:00,211.25,211.25
location_demo,2,2023-11-23T07:00:00,126.18,126.18
location_demo,2,2023-11-23T12:00:00,202.38,202.38
location_demo,2,2023-11-23T17:00:00,250.0,250.0
location_demo,2,2023-11-24T07:00:00,133.56,133.56
location_demo,2,2023-11-24T12:00:00,172.74,172.74
location_demo,2,2023-11-24T17:00:00,174.6,174.6
location_demo,2,2023-11-25T07:00:00,148.62,148.62
location_demo,2,2023-11-25T12:00:00,198.67,198.67
location_demo,2,2023-11-25T17:00:00,206.28,206.28
location_demo,2,2023-11-26T07:00:00,140.21,140.21
location_demo,2,2023-11-26T12:00:00,174.95,174.95
location_demo,2,2023-11-26T17:00:00,214.63,214.63
location_demo,2,2023-11-27T07:00:00,121.69,121.69
location_demo,2,2023-11-27T12:00:00,153.39,153.39
location_demo,2,2023-11-27T17:00:00,184.18,184.18
location_demo,2,2023-11-28T07:00:00,121.61,121.61
location_demo,2,2023-11-28T12:00:00,153.49,153.49
location_demo,2,2023-11-28T17:00:00,196.32,196.32
location_demo,2,2023-11-29T07:00:00,113.41,113.41
location_demo,2,2023-11-29T12:00:00,137.87,137.87
location_demo,2,2023-11-29T17:00:00,174.75,174.75
location_demo,2,2023-11-30T07:00:00,126.77,126.77
location_demo,2,2023-11-30T12:00:00,163.7,163.7
location_demo,2,2023-11-30T17:00:00,190.14,190.14
location_demo,2,2023-12-01T07:00:00,146.38,146.38
location_demo,2,2023-12-01T12:00:00,191.01,191.01
location_demo,2,2023-12-01T17:00:00,206.28,206.28
location_demo,2,2023-12-02T07:00:00,177.03,177.03
location_demo,2,2023-12-02T12:00:00,196.96,196.96
location_demo,2,2023-12-02T17:00:00,269.59,269.59
location_demo,2,2023-12-03T07:00:00,122.22,122.22
location_demo,2,2023-12-03T12:00:00,203.67,203.67
location_demo,2,2023-12-03T17:00:00,216.12,216.12
location_demo,2,2023-12-04T07:00:00,117.02,117.02
location_demo,2,2023-12-04T12:00:00,172.18,172.18
location_demo,2,2023-12-04T17:00:00,206.22,206.22
location_demo,2,2023-12-05T07:00:00,124.52,124.52
location_demo,2,2023-12-05T12:00:00,174.63,174.63
location_demo,2,2023-12-05T17:00:00,179.48,179.48
location_demo,2,2023-12-06T07:00:00,152.14,152.14
location_demo,2,2023-12-06T12:00:00,181.72,181.72
location_demo,2,2023-12-06T17:00:00,183.3,183.3
location_demo,2,2023-12-07T07:00:00,139.62,139.62
location_demo,2,2023-12-07T12:00:00,171.9,171.9
location_demo,2,2023-12-07T17:00:00,219.84,219.84
location_demo,2,2023-12-08T07:00:00,155.53,155.53
location_demo,2,2023-12-08T12:00:00,171.44,171.44
location_demo,2,2023-12-08T17:00:00,215.67,215.67
location_demo,2,2023-12-09T07:00:00,155.95,155.95
location_demo,2,2023-12-09T12:00:00,202.03,202.03
location_demo,2,2023-12-09T17:00:00,213.14,213.14
location_demo,2,2023-12-10T07:00:00,133.63,133.63
location_demo,2,2023-12-10T12:00:00,177.72,177.72
location_demo,2,2023-12-10T17:00:00,195.47,195.47
location_demo,2,2023-12-11T07:00:00,117.81,117.81
location_demo,2,2023-12-11T12:00:00,165.89,165.89
location_demo,2,2023-12-11T17:00:00,207.3,207.3
location_demo,2,2023-12-12T07:00:00,105.77,105.77
location_demo,2,2023-12-12T12:00:00,164.43,164.43
location_demo,2,2023-12-12T17:00:00,203.71,203.71
location_demo,2,2023-12-13T07:00:00,119.57,119.57
location_demo,2,2023-12-13T12:00:00,185.14,185.14
location_demo,2,2023-12-13T17:00:00,188.48,188.48
location_demo,2,2023-12-14T07:00:00,138.66,138.66
location_demo,2,2023-12-14T12:00:00,153.14,153.14
location_demo,2,2023-12-14T17:00:00,220.9,220.9
location_demo,2,2023-12-15T07:00:00,129.19,129.19
location_demo,2,2023-12-15T12:00:00,188.99,188.99
location_demo,2,2023-12-15T17:00:00,211.57,211.57
location_demo,2,2023-12-16T07:00:00,156.31,156.31
location_demo,2,2023-12-16T12:00:00,184.36,184.36
location_demo,2,2023-12-16T17:00:00,229.72,229.72
location_demo,2,2023-12-17T07:00:00,133.03,133.03
location_demo,2,2023-12-17T12:00:00,151.49,151.49
location_demo,2,2023-12-17T17:00:00,195.85,195.85
location_demo,2,2023-12-18T07:00:00,100.66,100.66
location_demo,2,2023-12-18T12:00:00,143.39,143.39
location_demo,2,2023-12-18T17:00:00,181.06,181.06
location_demo,2,2023-12-19T07:00:00,112.4,112.4
location_demo,2,2023-12-19T12:00:00,135.01,135.01
location_demo,2,2023-12-19T17:00:00,183.8,183.8
location_demo,2,2023-12-20T07:00:00,96.96,96.96
location_demo,2,2023-12-20T12:00:00,139.47,139.47
location_demo,2,2023-12-20T17:00:00,201.8,201.8
location_demo,2,2023-12-21T07:00:00,118.17,118.17
location_demo,2,2023-12-21T12:00:00,187.59,187.59
location_demo,2,2023-12-21T17:00:00,232.23,232.23
location_demo,2,2023-12-22T07:00:00,153.94,153.94
location_demo,2,2023-12-22T12:00:00,189.11,189.11
location_demo,2,2023-12-22T17:00:00,222.24,222.24
location_demo,2,2023-12-23T07:00:00,151.95,151.95
location_demo,2,2023-12-23T12:00:00,201.91,201.91
location_demo,2,2023-12-23T17:00:00,206.88,206.88
location_demo,2,2023-12-24T07:00:00,141.52,141.52
location_demo,2,2023-12-24T12:00:00,205.27,205.27
location_demo,2,2023-12-24T17:00:00,235.22,235.22
location_demo,2,2023-12-25T07:00:00,124.93,124.93
location_demo,2,2023-12-25T12:00:00,141.21,141.21
location_demo,2,2023-12-25T17:00:00,170.4,170.4
location_demo,2,2023-12-26T07:00:00,127.81,127.81
location_demo,2,2023-12-26T12:00:00,169.24,169.24
location_demo,2,2023-12-26T17:00:00,170.61,170.61
location_demo,2,2023-12-27T07:00:00,128.51,128.51
location_demo,2,2023-12-27T12:00:00,153.97,153.97
location_demo,2,2023-12-27T17:00:00,206.37,206.37
location_demo,2,2023-12-28T07:00:00,146.2,146.2
location_demo,2,2023-12-28T12:00:00,160.48,160.48
location_demo,2,2023-12-28T17:00:00,195.24,195.24
location_demo,2,2023-12-29T07:00:00,110.35,110.35
location_demo,2,2023-12-29T12:00:00,168.39,168.39
location_demo,2,2023-12-29T17:00:00,196.23,196.23
location_demo,2,2023-12-30T07:00:00,148.09,148.09
location_demo,2,2023-12-30T12:00:00,195.99,195.99
location_demo,2,2023-12-30T17:00:00,216.98,216.98
location_demo,2,2023-12-31T07:00:00,147.5,147.5
location_demo,2,2023-12-31T12:00:00,171.15,171.15
location_demo,2,2023-12-31T17:00:00,204.82,204.82
location_demo,2,2024-01-01T07:00:00,125.41,125.41
location_demo,2,2024-01-01T12:00:00,188.97,188.97
location_demo,2,2024-01-01T17:00:00,213.65,213.65
location_demo,2,2024-01-02T07:00:00,132.31,132.31
location_demo,2,2024-01-02T12:00:00,170.6,170.6
location_demo,2,2024-01-02T17:00:00,199.82,199.82
location_demo,2,2024-01-03T07:00:00,92.22,92.22
location_demo,2,2024-01-03T12:00:00,134.67,134.67
location_demo,2,2024-01-03T17:00:00,178.92,178.92
location_demo,2,2024-01-04T07:00:00,141.17,141.17
location_demo,2,2024-01-04T12:00:00,196.9,196.9
location_demo,2,2024-01-04T17:00:00,213.79,213.79
location_demo,2,2024-01-05T07:00:00,154.59,154.59
location_demo,2,2024-01-05T12:00:00,200.3,200.3
location_demo,2,2024-01-05T17:00:00,211.75,211.75
location_demo,2,2024-01-06T07:00:00,145.08,145.08
location_demo,2,2024-01-06T12:00:00,169.76,169.76
location_demo,2,2024-01-06T17:00:00,208.87,208.87
location_demo,2,2024-01-07T07:00:00,137.94,137.94
location_demo,2,2024-01-07T12:00:00,221.09,221.09
location_demo,2,2024-01-07T17:00:00,272.05,272.05
location_demo,2,2024-01-08T07:00:00,101.9,101.9
location_demo,2,2024-01-08T12:00:00,138.3,138.3
location_demo,2,2024-01-08T17:00:00,163.58,163.58
location_demo,2,2024-01-09T07:00:00,132.79,132.79
location_demo,2,2024-01-09T12:00:00,183.56,183.56
location_demo,2,2024-01-09T17:00:00,213.22,213.22
location_demo,2,2024-01-10T07:00:00,128.31,128.31
location_demo,2,2024-01-10T12:00:00,162.4,162.4
location_demo,2,2024-01-10T17:00:00,192.28,192.28
location_demo,2,2024-01-11T07:00:00,172.26,172.26
location_demo,2,2024-01-11T12:00:00,214.9,214.9
location_demo,2,2024-01-11T17:00:00,223.79,223.79
location_demo,2,2024-01-12T07:00:00,169.69,169.69
location_demo,2,2024-01-12T12:00:00,172.78,172.78
location_demo,2,2024-01-12T17:00:00,203.36,203.36
location_demo,2,2024-01-13T07:00:00,155.36,155.36
location_demo,2,2024-01-13T12:00:00,226.81,226.81
location_demo,2,2024-01-13T17:00:00,242.96,242.96
location_demo,2,2024-01-14T07:00:00,145.69,145.69
location_demo,2,2024-01-14T12:00:00,205.55,205.55
location_demo,2,2024-01-14T17:00:00,209.98,209.98
location_demo,2,2024-01-15T07:00:00,156.04,156.04
location_demo,2,2024-01-15T12:00:00,197.49,197.49
location_demo,2,2024-01-15T17:00:00,192.91,192.91
location_demo,2,2024-01-16T07:00:00,135.1,135.1
location_demo,2,2024-01-16T12:00:00,195.68,195.68
location_demo,2,2024-01-16T17:00:00,196.48,196.48
location_demo,2,2024-01-17T07:00:00,139.33,139.33
location_demo,2,2024-01-17T12:00:00,162.02,162.02
location_demo,2,2024-01-17T17:00:00,228.64,228.64
location_demo,2,2024-01-18T07:00:00,152.98,152.98
location_demo,2,2024-01-18T12:00:00,168.52,168.52
location_demo,2,2024-01-18T17:00:00,193.3,193.3
location_demo,2,2024-01-19T07:00:00,109.22,109.22
location_demo,2,2024-01-19T12:00:00,167.42,167.42
location_demo,2,2024-01-19T17:00:00,228.96,228.96
location_demo,2,2024-01-20T07:00:00,137.84,137.84
location_demo,2,2024-01-20T12:00:00,182.28,182.28
location_demo,2,2024-01-20T17:00:00,195.73,195.73
location_demo,2,2024-01-21T07:00:00,164.02,164.02
location_demo,2,2024-01-21T12:00:00,182.28,182.28
location_demo,2,2024-01-21T17:00:00,241.22,241.22
location_demo,2,2024-01-22T07:00:00,155.07,155.07
location_demo,2,2024-01-22T12:00:00,213.4,213.4
location_demo,2,2024-01-22T17:00:00,207.45,207.45
location_demo,2,2024-01-23T07:00:00,126.55,126.55
location_demo,2,2024-01-23T12:00:00,150.17,150.17
location_demo,2,2024-01-23T17:00:00,202.4,202.4
location_demo,2,2024-01-24T07:00:00,133.92,133.92
location_demo,2,2024-01-24T12:00:00,151.41,151.41
location_demo,2,2024-01-24T17:00:00,194.68,194.68
location_demo,2,2024-01-25T07:00:00,122.38,122.38
location_demo,2,2024-01-25T12:00:00,173.84,173.84
location_demo,2,2024-01-25T17:00:00,243.58,243.58
location_demo,2,2024-01-26T07:00:00,154.03,154.03
location_demo,2,2024-01-26T12:00:00,181.17,181.17
location_demo,2,2024-01-26T17:00:00,197.81,197.81
location_demo,2,2024-01-27T07:00:00,158.18,158.18
location_demo,2,2024-01-27T12:00:00,216.61,216.61
location_demo,2,2024-01-27T17:00:00,262.26,262.26
location_demo,2,2024-01-28T07:00:00,141.55,141.55
location_demo,2,2024-01-28T12:00:00,206.84,206.84
location_demo,2,2024-01-28T17:00:00,219.85,219.85
location_demo,2,2024-01-29T07:00:00,127.36,127.36
location_demo,2,2024-01-29T12:00:00,171.0,171.0
location_demo,2,2024-01-29T17:00:00,231.5,231.5
location_demo,2,2024-01-30T07:00:00,130.3,130.3
location_demo,2,2024-01-30T12:00:00,175.41,175.41
location_demo,2,2024-01-30T17:00:00,227.48,227.48
location_demo,2,2024-01-31T07:00:00,121.69,121.69
location_demo,2,2024-01-31T12:00:00,198.52,198.52
location_demo,2,2024-01-31T17:00:00,197.74,197.74
location_demo,2,2024-02-01T07:00:00,137.98,137.98
location_demo,2,2024-02-01T12:00:00,149.15,149.15
location_demo,2,2024-02-01T17:00:00,210.81,210.81
location_demo,2,2024-02-02T07:00:00,152.33,152.33
location_demo,2,2024-02-02T12:00:00,184.37,184.37
location_demo,2,2024-02-02T17:00:00,214.65,214.65
location_demo,2,2024-02-03T07:00:00,170.3,170.3
location_demo,2,2024-02-03T12:00:00,208.71,208.71
location_demo,2,2024-02-03T17:00:00,223.45,223.45
location_demo,2,2024-02-04T07:00:00,138.64,138.64
location_demo,2,2024-02-04T12:00:00,215.79,215.79
location_demo,2,2024-02-04T17:00:00,241.77,241.77
location_demo,2,2024-02-05T07:00:00,152.38,152.38
location_demo,2,2024-02-05T12:00:00,171.49,171.49
location_demo,2,2024-02-05T17:00:00,199.27,199.27
location_demo,2,2024-02-06T07:00:00,124.64,124.64
location_demo,2,2024-02-06T12:00:00,186.93,186.93
location_demo,2,2024-02-06T17:00:00,220.23,220.23
location_demo,2,2024-02-07T07:00:00,136.51,136.51
location_demo,2,2024-02-07T12:00:00,179.83,179.83
location_demo,2,2024-02-07T17:00:00,214.03,214.03
location_demo,2,2024-02-08T07:00:00,133.43,133.43
location_demo,2,2024-02-08T12:00:00,175.91,175.91
location_demo,2,2024-02-08T17:00:00,180.57,180.57
location_demo,2,2024-02-09T07:00:00,159.21,159.21
location_demo,2,2024-02-09T12:00:00,161.71,161.71
location_demo,2,2024-02-09T17:00:00,208.29,208.29
location_demo,2,2024-02-10T07:00:00,154.86,154.86
location_demo,2,2024-02-10T12:00:00,192.68,192.68
location_demo,2,2024-02-10T17:00:00,234.16,234.16
location_demo,2,2024-02-11T07:00:00,139.3,139.3
location_demo,2,2024-02-11T12:00:00,196.54,196.54
location_demo,2,2024-02-11T17:00:00,248.12,248.12
location_demo,2,2024-02-12T07:00:00,145.29,145.29
location_demo,2,2024-02-12T12:00:00,157.67,157.67
location_demo,2,2024-02-12T17:00:00,224.72,224.72
location_demo,2,2024-02-13T07:00:00,133.51,133.51
location_demo,2,2024-02-13T12:00:00,197.28,197.28
location_demo,2,2024-02-13T17:00:00,206.02,206.02
location_demo,2,2024-02-14T07:00:00,130.46,130.46
location_demo,2,2024-02-14T12:00:00,167.05,167.05
location_demo,2,2024-02-14T17:00:00,230.04,230.04
location_demo,2,2024-02-15T07:00:00,142.87,142.87
location_demo,2,2024-02-15T12:00:00,179.62,179.62
location_demo,2,2024-02-15T17:00:00,201.86,201.86
location_demo,2,2024-02-16T07:00:00,160.65,160.65
location_demo,2,2024-02-16T12:00:00,160.68,160.68
location_demo,2,2024-02-16T17:00:00,213.45,213.45
location_demo,2,2024-02-17T07:00:00,166.68,166.68
location_demo,2,2024-02-17T12:00:00,180.6,180.6
location_demo,2,2024-02-17T17:00:00,206.24,206.24
location_demo,2,2024-02-18T07:00:00,156.16,156.16
location_demo,2,2024-02-18T12:00:00,198.89,198.89
location_demo,2,2024-02-18T17:00:00,253.63,253.63
location_demo,2,2024-02-19T07:00:00,128.8,128.8
location_demo,2,2024-02-19T12:00:00,180.87,180.87
location_demo,2,2024-02-19T17:00:00,216.69,216.69
location_demo,2,2024-02-20T07:00:00,131.56,131.56
location_demo,2,2024-02-20T12:00:00,202.94,202.94
location_demo,2,2024-02-20T17:00:00,193.84,193.84
location_demo,2,2024-02-21T07:00:00,123.54,123.54
location_demo,2,2024-02-21T12:00:00,197.04,197.04
location_demo,2,2024-02-21T17:00:00,213.67,213.67
location_demo,2,2024-02-22T07:00:00,118.47,118.47
location_demo,2,2024-02-22T12:00:00,167.3,167.3
location_demo,2,2024-02-22T17:00:00,194.57,194.57
location_demo,2,2024-02-23T07:00:00,136.56,136.56
location_demo,2,2024-02-23T12:00:00,197.85,197.85
location_demo,2,2024-02-23T17:00:00,199.64,199.64
location_demo,2,2024-02-24T07:00:00,154.25,154.25
location_demo,2,2024-02-24T12:00:00,185.96,185.96
location_demo,2,2024-02-24T17:00:00,216.34,216.34
location_demo,2,2024-02-25T07:00:00,151.16,151.16
location_demo,2,2024-02-25T12:00:00,186.82,186.82
location_demo,2,2024-02-25T17:00:00,215.44,215.44
location_demo,2,2024-02-26T07:00:00,116.26,116.26
location_demo,2,2024-02-26T12:00:00,170.39,170.39
location_demo,2,2024-02-26T17:00:00,199.1,199.1
location_demo,2,2024-02-27T07:00:00,145.69,145.69
location_demo,2,2024-02-27T12:00:00,185.27,185.27
location_demo,2,2024-02-27T17:00:00,196.28,196.28
location_demo,2,2024-02-28T07:00:00,142.48,142.48
location_demo,2,2024-02-28T12:00:00,169.46,169.46
location_demo,2,2024-02-28T17:00:00,179.32,179.32
location_demo,2,2024-02-29T07:00:00,146.63,146.63
location_demo,2,2024-02-29T12:00:00,168.57,168.57
location_demo,2,2024-02-29T17:00:00,173.03,173.03
location_demo,2,2024-03-01T07:00:00,132.11,132.11
location_demo,2,2024-03-01T12:00:00,198.32,198.32
location_demo,2,2024-03-01T17:00:00,214.64,214.64
location_demo,2,2024-03-02T07:00:00,152.3,152.3
location_demo,2,2024-03-02T12:00:00,208.53,208.53
location_demo,2,2024-03-02T17:00:00,210.27,210.27
location_demo,2,2024-03-03T07:00:00,139.18,139.18
location_demo,2,2024-03-03T12:00:00,204.29,204.29
location_demo,2,2024-03-03T17:00:00,251.55,251.55
location_demo,2,2024-03-04T07:00:00,134.34,134.34
location_demo,2,2024-03-04T12:00:00,193.96,193.96
location_demo,2,2024-03-04T17:00:00,187.55,187.55
location_demo,2,2024-03-05T07:00:00,142.02,142.02
location_demo,2,2024-03-05T12:00:00,181.49,181.49
location_demo,2,2024-03-05T17:00:00,207.49,207.49
location_demo,2,2024-03-06T07:00:00,131.11,131.11
location_demo,2,2024-03-06T12:00:00,184.03,184.03
location_demo,2,2024-03-06T17:00:00,201.07,201.07
location_demo,2,2024-03-07T07:00:00,157.36,157.36
location_demo,2,2024-03-07T12:00:00,206.04,206.04
location_demo,2,2024-03-07T17:00:00,205.79,205.79
location_demo,2,2024-03-08T07:00:00,117.39,117.39
location_demo,2,2024-03-08T12:00:00,160.92,160.92
location_demo,2,2024-03-08T17:00:00,206.55,206.55
location_demo,2,2024-03-09T07:00:00,155.52,155.52
location_demo,2,2024-03-09T12:00:00,198.77,198.77
location_demo,2,2024-03-09T17:00:00,236.22,236.22
location_demo,2,2024-03-10T07:00:00,122.75,122.75
location_demo,2,2024-03-10T12:00:00,169.54,169.54
location_demo,2,2024-03-10T17:00:00,243.14,243.14
location_demo,2,2024-03-11T07:00:00,148.41,148.41
location_demo,2,2024-03-11T12:00:00,197.45,197.45
location_demo,2,2024-03-11T17:00:00,196.47,196.47
location_demo,2,2024-03-12T07:00:00,127.95,127.95
location_demo,2,2024-03-12T12:00:00,174.48,174.48
location_demo,2,2024-03-12T17:00:00,230.77,230.77
location_demo,2,2024-03-13T07:00:00,140.09,140.09
location_demo,2,2024-03-13T12:00:00,178.76,178.76
location_demo,2,2024-03-13T17:00:00,205.24,205.24
location_demo,2,2024-03-14T07:00:00,149.33,149.33
location_demo,2,2024-03-14T12:00:00,201.75,201.75
location_demo,2,2024-03-14T17:00:00,246.78,246.78
location_demo,2,2024-03-15T07:00:00,121.15,121.15
location_demo,2,2024-03-15T12:00:00,208.0,208.0
location_demo,2,2024-03-15T17:00:00,220.98,220.98
location_demo,2,2024-03-16T07:00:00,140.95,140.95
location_demo,2,2024-03-16T12:00:00,247.73,247.73
location_demo,2,2024-03-16T17:00:00,226.58,226.58
location_demo,2,2024-03-17T07:00:00,165.98,165.98
location_demo,2,2024-03-17T12:00:00,225.22,225.22
location_demo,2,2024-03-17T17:00:00,239.57,239.57
location_demo,2,2024-03-18T07:00:00,132.47,132.47
location_demo,2,2024-03-18T12:00:00,184.58,184.58
location_demo,2,2024-03-18T17:00:00,195.01,195.01
location_demo,2,2024-03-19T07:00:00,98.88,98.88
location_demo,2,2024-03-19T12:00:00,175.19,175.19
location_demo,2,2024-03-19T17:00:00,178.42,178.42
location_demo,2,2024-03-20T07:00:00,113.92,113.92
location_demo,2,2024-03-20T12:00:00,192.6,192.6
location_demo,2,2024-03-20T17:00:00,221.12,221.12
location_demo,2,2024-03-21T07:00:00,125.74,125.74
location_demo,2,2024-03-21T12:00:00,160.24,160.24
location_demo,2,2024-03-21T17:00:00,220.41,220.41
location_demo,2,2024-03-22T07:00:00,130.41,130.41
location_demo,2,2024-03-22T12:00:00,204.4,204.4
location_demo,2,2024-03-22T17:00:00,261.46,261.46
location_demo,2,2024-03-23T07:00:00,163.69,163.69
location_demo,2,2024-03-23T12:00:00,203.36,203.36
location_demo,2,2024-03-23T17:00:00,231.09,231.09
location_demo,2,2024-03-24T07:00:00,137.65,137.65
location_demo,2,2024-03-24T12:00:00,171.72,171.72
location_demo,2,2024-03-24T17:00:00,187.49,187.49
location_demo,2,2024-03-25T07:00:00,114.82,114.82
location_demo,2,2024-03-25T12:00:00,204.37,204.37
location_demo,2,2024-03-25T17:00:00,195.88,195.88
location_demo,2,2024-03-26T07:00:00,142.34,142.34
location_demo,2,2024-03-26T12:00:00,162.41,162.41
location_demo,2,2024-03-26T17:00:00,215.2,215.2
location_demo,2,2024-03-27T07:00:00,119.27,119.27
location_demo,2,2024-03-27T12:00:00,161.64,161.64
location_demo,2,2024-03-27T17:00:00,197.74,197.74
location_demo,2,2024-03-28T07:00:00,153.96,153.96
location_demo,2,2024-03-28T12:00:00,173.46,173.46
location_demo,2,2024-03-28T17:00:00,204.41,204.41
location_demo,2,2024-03-29T07:00:00,147.03,147.03
location_demo,2,2024-03-29T12:00:00,198.65,198.65
location_demo,2,2024-03-29T17:00:00,239.58,239.58
location_demo,2,2024-03-30T07:00:00,141.4,141.4
location_demo,2,2024-03-30T12:00:00,224.21,224.21
location_demo,2,2024-03-30T17:00:00,260.01,260.01
location_demo,2,2024-03-31T07:00:00,139.2,139.2
location_demo,2,2024-03-31T12:00:00,203.72,203.72
location_demo,2,2024-03-31T17:00:00,255.56,255.56
location_demo,2,2024-04-01T07:00:00,130.71,130.71
location_demo,2,2024-04-01T12:00:00,191.52,191.52
location_demo,2,2024-04-01T17:00:00,206.75,206.75
location_demo,2,2024-04-02T07:00:00,132.52,132.52
location_demo,2,2024-04-02T12:00:00,174.48,174.48
location_demo,2,2024-04-02T17:00:00,199.54,199.54
location_demo,2,2024-04-03T07:00:00,154.07,154.07
location_demo,2,2024-04-03T12:00:00,223.76,223.76
location_demo,2,2024-04-03T17:00:00,231.58,231.58
location_demo,2,2024-04-04T07:00:00,138.93,138.93
location_demo,2,2024-04-04T12:00:00,167.13,167.13
location_demo,2,2024-04-04T17:00:00,190.28,190.28
location_demo,2,2024-04-05T07:00:00,157.98,157.98
location_demo,2,2024-04-05T12:00:00,178.33,178.33
location_demo,2,2024-04-05T17:00:00,223.61,223.61
location_demo,2,2024-04-06T07:00:00,176.1,176.1
location_demo,2,2024-04-06T12:00:00,192.94,192.94
location_demo,2,2024-04-06T17:00:00,250.4,250.4
location_demo,2,2024-04-07T07:00:00,148.36,148.36
location_demo,2,2024-04-07T12:00:00,174.29,174.29
location_demo,2,2024-04-07T17:00:00,218.2,218.2
location_demo,2,2024-04-08T07:00:00,135.95,135.95
location_demo,2,2024-04-08T12:00:00,171.24,171.24
location_demo,2,2024-04-08T17:00:00,211.24,211.24
location_demo,2,2024-04-09T07:00:00,140.97,140.97
location_demo,2,2024-04-09T12:00:00,185.56,185.56
location_demo,2,2024-04-09T17:00:00,170.81,170.81
location_demo,2,2024-04-10T07:00:00,167.92,167.92
location_demo,2,2024-04-10T12:00:00,192.04,192.04
location_demo,2,2024-04-10T17:00:00,250.62,250.62
location_demo,2,2024-04-11T07:00:00,124.18,124.18
location_demo,2,2024-04-11T12:00:00,184.22,184.22
location_demo,2,2024-04-11T17:00:00,212.3,212.3
location_demo,2,2024-04-12T07:00:00,139.03,139.03
location_demo,2,2024-04-12T12:00:00,186.39,186.39
location_demo,2,2024-04-12T17:00:00,228.97,228.97
location_demo,2,2024-04-13T07:00:00,152.27,152.27
location_demo,2,2024-04-13T12:00:00,183.44,183.44
location_demo,2,2024-04-13T17:00:00,215.78,215.78
location_demo,2,2024-04-14T07:00:00,160.55,160.55
location_demo,2,2024-04-14T12:00:00,201.35,201.35
location_demo,2,2024-04-14T17:00:00,250.26,250.26
location_demo,2,2024-04-15T07:00:00,132.38,132.38
location_demo,2,2024-04-15T12:00:00,181.87,181.87
location_demo,2,2024-04-15T17:00:00,245.42,245.42
location_demo,2,2024-04-16T07:00:00,119.09,119.09
location_demo,2,2024-04-16T12:00:00,200.01,200.01
location_demo,2,2024-04-16T17:00:00,207.73,207.73
location_demo,2,2024-04-17T07:00:00,142.52,142.52
location_demo,2,2024-04-17T12:00:00,182.54,182.54
location_demo,2,2024-04-17T17:00:00,216.2,216.2
location_demo,2,2024-04-18T07:00:00,173.22,173.22
location_demo,2,2024-04-18T12:00:00,184.41,184.41
location_demo,2,2024-04-18T17:00:00,218.74,218.74
location_demo,2,2024-04-19T07:00:00,150.85,150.85
location_demo,2,2024-04-19T12:00:00,186.13,186.13
location_demo,2,2024-04-19T17:00:00,232.01,232.01
location_demo,2,2024-04-20T07:00:00,181.77,181.77
location_demo,2,2024-04-20T12:00:00,206.08,206.08
location_demo,2,2024-04-20T17:00:00,220.79,220.79
location_demo,2,2024-04-21T07:00:00,161.81,161.81
location_demo,2,2024-04-21T12:00:00,186.01,186.01
location_demo,2,2024-04-21T17:00:00,224.8,224.8
location_demo,2,2024-04-22T07:00:00,131.22,131.22
location_demo,2,2024-04-22T12:00:00,166.47,166.47
location_demo,2,2024-04-22T17:00:00,238.16,238.16
location_demo,2,2024-04-23T07:00:00,146.53,146.53
location_demo,2,2024-04-23T12:00:00,207.58,207.58
location_demo,2,2024-04-23T17:00:00,267.11,267.11
location_demo,2,2024-04-24T07:00:00,154.91,154.91
location_demo,2,2024-04-24T12:00:00,159.24,159.24
location_demo,2,2024-04-24T17:00:00,208.59,208.59
location_demo,2,2024-04-25T07:00:00,162.6,162.6
location_demo,2,2024-04-25T12:00:00,191.71,191.71
location_demo,2,2024-04-25T17:00:00,228.61,228.61
location_demo,2,2024-04-26T07:00:00,160.24,160.24
location_demo,2,2024-04-26T12:00:00,227.1,227.1
location_demo,2,2024-04-26T17:00:00,231.7,231.7
location_demo,2,2024-04-27T07:00:00,146.03,146.03
location_demo,2,2024-04-27T12:00:00,184.16,184.16
location_demo,2,2024-04-27T17:00:00,238.33,238.33
location_demo,2,2024-04-28T07:00:00,175.21,175.21
location_demo,2,2024-04-28T12:00:00,190.8,190.8
location_demo,2,2024-04-28T17:00:00,211.59,211.59
location_demo,2,2024-04-29T07:00:00,111.21,111.21
location_demo,2,2024-04-29T12:00:00,185.15,185.15
location_demo,2,2024-04-29T17:00:00,202.58,202.58
location_demo,2,2024-04-30T07:00:00,139.55,139.55
location_demo,2,2024-04-30T12:00:00,173.39,173.39
location_demo,2,2024-04-30T17:00:00,226.92,226.92
location_demo,2,2024-05-01T07:00:00,128.87,128.87
location_demo,2,2024-05-01T12:00:00,210.32,210.32
location_demo,2,2024-05-01T17:00:00,219.76,219.76
location_demo,2,2024-05-02T07:00:00,145.1,145.1
location_demo,2,2024-05-02T12:00:00,178.8,178.8
location_demo,2,2024-05-02T17:00:00,198.37,198.37
location_demo,2,2024-05-03T07:00:00,155.98,155.98
location_demo,2,2024-05-03T12:00:00,188.71,188.71
location_demo,2,2024-05-03T17:00:00,232.03,232.03
location_demo,2,2024-05-04T07:00:00,142.77,142.77
location_demo,2,2024-05-04T12:00:00,185.17,185.17
location_demo,2,2024-05-04T17:00:00,252.8,252.8
location_demo,2,2024-05-05T07:00:00,152.59,152.59
location_demo,2,2024-05-05T12:00:00,184.54,184.54
location_demo,2,2024-05-05T17:00:00,223.75,223.75
location_demo,2,2024-05-06T07:00:00,126.06,126.06
location_demo,2,2024-05-06T12:00:00,176.83,176.83
location_demo,2,2024-05-06T17:00:00,219.97,219.97
location_demo,2,2024-05-07T07:00:00,131.43,131.43
location_demo,2,2024-05-07T12:00:00,172.38,172.38
location_demo,2,2024-05-07T17:00:00,186.0,186.0
location_demo,2,2024-05-08T07:00:00,156.17,156.17
location_demo,2,2024-05-08T12:00:00,190.42,190.42
location_demo,2,2024-05-08T17:00:00,228.87,228.87
location_demo,2,2024-05-09T07:00:00,124.78,124.78
location_demo,2,2024-05-09T12:00:00,221.34,221.34
location_demo,2,2024-05-09T17:00:00,244.16,244.16
location_demo,2,2024-05-10T07:00:00,139.46,139.46
location_demo,2,2024-05-10T12:00:00,163.48,163.48
location_demo,2,2024-05-10T17:00:00,203.49,203.49
location_demo,2,2024-05-11T07:00:00,180.91,180.91
location_demo,2,2024-05-11T12:00:00,194.07,194.07
location_demo,2,2024-05-11T17:00:00,258.39,258.39
location_demo,2,2024-05-12T07:00:00,128.6,128.6
location_demo,2,2024-05-12T12:00:00,218.18,218.18
location_demo,2,2024-05-12T17:00:00,246.0,246.0
location_demo,2,2024-05-13T07:00:00,103.75,103.75
location_demo,2,2024-05-13T12:00:00,179.46,179.46
location_demo,2,2024-05-13T17:00:00,203.17,203.17
location_demo,2,2024-05-14T07:00:00,140.35,140.35
location_demo,2,2024-05-14T12:00:00,172.34,172.34
location_demo,2,2024-05-14T17:00:00,213.22,213.22
location_demo,2,2024-05-15T07:00:00,154.54,154.54
location_demo,2,2024-05-15T12:00:00,187.96,187.96
location_demo,2,2024-05-15T17:00:00,222.43,222.43
location_demo,2,2024-05-16T07:00:00,153.14,153.14
location_demo,2,2024-05-16T12:00:00,197.67,197.67
location_demo,2,2024-05-16T17:00:00,209.48,209.48
location_demo,2,2024-05-17T07:00:00,140.21,140.21
location_demo,2,2024-05-17T12:00:00,192.17,192.17
location_demo,2,2024-05-17T17:00:00,238.08,238.08
location_demo,2,2024-05-18T07:00:00,125.23,125.23
location_demo,2,2024-05-18T12:00:00,157.74,157.74
location_demo,2,2024-05-18T17:00:00,210.34,210.34
location_demo,2,2024-05-19T07:00:00,125.89,125.89
location_demo,2,2024-05-19T12:00:00,180.55,180.55
location_demo,2,2024-05-19T17:00:00,244.82,244.82
location_demo,2,2024-05-20T07:00:00,107.91,107.91
location_demo,2,2024-05-20T12:00:00,171.49,171.49
location_demo,2,2024-05-20T17:00:00,194.95,194.95
location_demo,2,2024-05-21T07:00:00,125.8,125.8
location_demo,2,2024-05-21T12:00:00,185.45,185.45
location_demo,2,2024-05-21T17:00:00,207.02,207.02
location_demo,2,2024-05-22T07:00:00,147.73,147.73
location_demo,2,2024-05-22T12:00:00,164.0,164.0
location_demo,2,2024-05-22T17:00:00,194.26,194.26
location_demo,2,2024-05-23T07:00:00,121.69,121.69
location_demo,2,2024-05-23T12:00:00,208.47,208.47
location_demo,2,2024-05-23T17:00:00,205.73,205.73
location_demo,2,2024-05-24T07:00:00,128.65,128.65
location_demo,2,2024-05-24T12:00:00,154.36,154.36
location_demo,2,2024-05-24T17:00:00,206.86,206.86
location_demo,2,2024-05-25T07:00:00,179.99,179.99
location_demo,2,2024-05-25T12:00:00,200.35,200.35
location_demo,2,2024-05-25T17:00:00,241.69,241.69
location_demo,2,2024-05-26T07:00:00,139.25,139.25
location_demo,2,2024-05-26T12:00:00,198.0,198.0
location_demo,2,2024-05-26T17:00:00,249.11,249.11
location_demo,2,2024-05-27T07:00:00,146.37,146.37
location_demo,2,2024-05-27T12:00:00,171.63,171.63
location_demo,2,2024-05-27T17:00:00,184.79,184.79
location_demo,2,2024-05-28T07:00:00,146.07,146.07
location_demo,2,2024-05-28T12:00:00,174.83,174.83
location_demo,2,2024-05-28T17:00:00,177.33,177.33
location_demo,2,2024-05-29T07:00:00,134.81,134.81
location_demo,2,2024-05-29T12:00:00,158.96,158.96
location_demo,2,2024-05-29T17:00:00,187.61,187.61
location_demo,2,2024-05-30T07:00:00,160.32,160.32
location_demo,2,2024-05-30T12:00:00,172.65,172.65
location_demo,2,2024-05-30T17:00:00,225.93,225.93
location_demo,2,2024-05-31T07:00:00,144.77,144.77
location_demo,2,2024-05-31T12:00:00,172.7,172.7
location_demo,2,2024-05-31T17:00:00,224.5,224.5
location_demo,2,2024-06-01T07:00:00,137.64,137.64
location_demo,2,2024-06-01T12:00:00,207.24,207.24
location_demo,2,2024-06-01T17:00:00,229.47,229.47
location_demo,2,2024-06-02T07:00:00,167.26,167.26
location_demo,2,2024-06-02T12:00:00,196.08,196.08
location_demo,2,2024-06-02T17:00:00,215.52,215.52
location_demo,2,2024-06-03T07:00:00,146.55,146.55
location_demo,2,2024-06-03T12:00:00,186.17,186.17
location_demo,2,2024-06-03T17:00:00,244.6,244.6
location_demo,2,2024-06-04T07:00:00,130.38,130.38
location_demo,2,2024-06-04T12:00:00,172.23,172.23
location_demo,2,2024-06-04T17:00:00,220.72,220.72
location_demo,2,2024-06-05T07:00:00,128.11,128.11
location_demo,2,2024-06-05T12:00:00,199.7,199.7
location_demo,2,2024-06-05T17:00:00,195.12,195.12
location_demo,2,2024-06-06T07:00:00,125.46,125.46
location_demo,2,2024-06-06T12:00:00,177.48,177.48
location_demo,2,2024-06-06T17:00:00,200.1,200.1
location_demo,2,2024-06-07T07:00:00,129.93,129.93
location_demo,2,2024-06-07T12:00:00,221.68,221.68
location_demo,2,2024-06-07T17:00:00,226.48,226.48
location_demo,2,2024-06-08T07:00:00,133.07,133.07
location_demo,2,2024-06-08T12:00:00,195.25,195.25
location_demo,2,2024-06-08T17:00:00,223.53,223.53
location_demo,2,2024-06-09T07:00:00,137.24,137.24
location_demo,2,2024-06-09T12:00:00,218.34,218.34
location_demo,2,2024-06-09T17:00:00,262.63,262.63
location_demo,2,2024-06-10T07:00:00,115.46,115.46
location_demo,2,2024-06-10T12:00:00,178.24,178.24
location_demo,2,2024-06-10T17:00:00,197.44,197.44
location_demo,2,2024-06-11T07:00:00,114.86,114.86
location_demo,2,2024-06-11T12:00:00,172.85,172.85
location_demo,2,2024-06-11T17:00:00,175.83,175.83
location_demo,2,2024-06-12T07:00:00,127.21,127.21
location_demo,2,2024-06-12T12:00:00,145.06,145.06
location_demo,2,2024-06-12T17:00:00,182.13,182.13
location_demo,2,2024-06-13T07:00:00,113.29,113.29
location_demo,2,2024-06-13T12:00:00,196.88,196.88
location_demo,2,2024-06-13T17:00:00,199.57,199.57
location_demo,2,2024-06-14T07:00:00,143.67,143.67
location_demo,2,2024-06-14T12:00:00,158.48,158.48
location_demo,2,2024-06-14T17:00:00,212.2,212.2
location_demo,2,2024-06-15T07:00:00,160.32,160.32
location_demo,2,2024-06-15T12:00:00,210.8,210.8
location_demo,2,2024-06-15T17:00:00,254.37,254.37
location_demo,2,2024-06-16T07:00:00,136.35,136.35
location_demo,2,2024-06-16T12:00:00,195.91,195.91
location_demo,2,2024-06-16T17:00:00,223.03,223.03
location_demo,2,2024-06-17T07:00:00,121.63,121.63
location_demo,2,2024-06-17T12:00:00,164.29,164.29
location_demo,2,2024-06-17T17:00:00,200.78,200.78
location_demo,2,2024-06-18T07:00:00,110.57,110.57
location_demo,2,2024-06-18T12:00:00,191.73,191.73
location_demo,2,2024-06-18T17:00:00,227.48,227.48
location_demo,2,2024-06-19T07:00:00,108.44,108.44
location_demo,2,2024-06-19T12:00:00,152.27,152.27
location_demo,2,2024-06-19T17:00:00,188.47,188.47
location_demo,2,2024-06-20T07:00:00,117.5,117.5
location_demo,2,2024-06-20T12:00:00,180.78,180.78
location_demo,2,2024-06-20T17:00:00,194.05,194.05
location_demo,2,2024-06-21T07:00:00,117.01,117.01
location_demo,2,2024-06-21T12:00:00,173.59,173.59
location_demo,2,2024-06-21T17:00:00,212.88,212.88
location_demo,2,2024-06-22T07:00:00,136.91,136.91
location_demo,2,2024-06-22T12:00:00,212.49,212.49
location_demo,2,2024-06-22T17:00:00,229.13,229.13
location_demo,2,2024-06-23T07:00:00,131.4,131.4
location_demo,2,2024-06-23T12:00:00,205.66,205.66
location_demo,2,2024-06-23T17:00:00,230.02,230.02
location_demo,2,2024-06-24T07:00:00,142.22,142.22
location_demo,2,2024-06-24T12:00:00,168.84,168.84
location_demo,2,2024-06-24T17:00:00,182.54,182.54
location_demo,2,2024-06-25T07:00:00,122.3,122.3
location_demo,2,2024-06-25T12:00:00,175.11,175.11
location_demo,2,2024-06-25T17:00:00,197.13,197.13
location_demo,2,2024-06-26T07:00:00,131.88,131.88
location_demo,2,2024-06-26T12:00:00,180.01,180.01
location_demo,2,2024-06-26T17:00:00,196.45,196.45
location_demo,2,2024-06-27T07:00:00,157.16,157.16
location_demo,2,2024-06-27T12:00:00,156.33,156.33
location_demo,2,2024-06-27T17:00:00,204.35,204.35
location_demo,2,2024-06-28T07:00:00,155.17,155.17
location_demo,2,2024-06-28T12:00:00,171.6,171.6
location_demo,2,2024-06-28T17:00:00,224.23,224.23
location_demo,2,2024-06-29T07:00:00,126.12,126.12
location_demo,2,2024-06-29T12:00:00,228.35,228.35
location_demo,2,2024-06-29T17:00:00,234.93,234.93
location_demo,2,2024-06-30T07:00:00,159.23,159.23
location_demo,2,2024-06-30T12:00:00,194.68,194.68
location_demo,2,2024-06-30T17:00:00,210.92,210.92
location_demo,2,2024-07-01T07:00:00,109.63,109.63
location_demo,2,2024-07-01T12:00:00,168.41,168.41
location_demo,2,2024-07-01T17:00:00,158.06,158.06
location_demo,2,2024-07-02T07:00:00,119.7,119.7
location_demo,2,2024-07-02T12:00:00,132.88,132.88
location_demo,2,2024-07-02T17:00:00,162.72,162.72
location_demo,2,2024-07-03T07:00:00,134.66,134.66
location_demo,2,2024-07-03T12:00:00,172.53,172.53
location_demo,2,2024-07-03T17:00:00,198.14,198.14
location_demo,2,2024-07-04T07:00:00,103.23,103.23
location_demo,2,2024-07-04T12:00:00,154.68,154.68
location_demo,2,2024-07-04T17:00:00,192.44,192.44
location_demo,2,2024-07-05T07:00:00,145.09,145.09
location_demo,2,2024-07-05T12:00:00,197.32,197.32
location_demo,2,2024-07-05T17:00:00,211.72,211.72
location_demo,2,2024-07-06T07:00:00,154.72,154.72
location_demo,2,2024-07-06T12:00:00,188.25,188.25
location_demo,2,2024-07-06T17:00:00,207.5,207.5
location_demo,2,2024-07-07T07:00:00,115.67,115.67
location_demo,2,2024-07-07T12:00:00,183.4,183.4
location_demo,2,2024-07-07T17:00:00,179.29,179.29
location_demo,2,2024-07-08T07:00:00,113.87,113.87
location_demo,2,2024-07-08T12:00:00,166.52,166.52
location_demo,2,2024-07-08T17:00:00,193.0,193.0
location_demo,2,2024-07-09T07:00:00,105.8,105.8
location_demo,2,2024-07-09T12:00:00,150.41,150.41
location_demo,2,2024-07-09T17:00:00,181.69,181.69
location_demo,2,2024-07-10T07:00:00,132.4,132.4
location_demo,2,2024-07-10T12:00:00,154.39,154.39
location_demo,2,2024-07-10T17:00:00,202.88,202.88
location_demo,2,2024-07-11T07:00:00,120.68,120.68
location_demo,2,2024-07-11T12:00:00,182.44,182.44
location_demo,2,2024-07-11T17:00:00,194.31,194.31
location_demo,2,2024-07-12T07:00:00,144.0,144.0
location_demo,2,2024-07-12T12:00:00,167.83,167.83
location_demo,2,2024-07-12T17:00:00,211.72,211.72
location_demo,2,2024-07-13T07:00:00,141.53,141.53
location_demo,2,2024-07-13T12:00:00,208.53,208.53
location_demo,2,2024-07-13T17:00:00,263.7,263.7
location_demo,2,2024-07-14T07:00:00,112.43,112.43
location_demo,2,2024-07-14T12:00:00,205.69,205.69
location_demo,2,2024-07-14T17:00:00,228.24,228.24
location_demo,2,2024-07-15T07:00:00,135.5,135.5
location_demo,2,2024-07-15T12:00:00,147.15,147.15
location_demo,2,2024-07-15T17:00:00,173.98,173.98
location_demo,2,2024-07-16T07:00:00,139.18,139.18
location_demo,2,2024-07-16T12:00:00,206.46,206.46
location_demo,2,2024-07-16T17:00:00,215.81,215.81
location_demo,2,2024-07-17T07:00:00,117.95,117.95
location_demo,2,2024-07-17T12:00:00,159.78,159.78
location_demo,2,2024-07-17T17:00:00,186.79,186.79
location_demo,2,2024-07-18T07:00:00,125.3,125.3
location_demo,2,2024-07-18T12:00:00,194.66,194.66
location_demo,2,2024-07-18T17:00:00,195.11,195.11
location_demo,2,2024-07-19T07:00:00,131.45,131.45
location_demo,2,2024-07-19T12:00:00,155.92,155.92
location_demo,2,2024-07-19T17:00:00,186.7,186.7
location_demo,2,2024-07-20T07:00:00,126.04,126.04
location_demo,2,2024-07-20T12:00:00,225.87,225.87
location_demo,2,2024-07-20T17:00:00,221.08,221.08
location_demo,2,2024-07-21T07:00:00,146.79,146.79
location_demo,2,2024-07-21T12:00:00,181.96,181.96
location_demo,2,2024-07-21T17:00:00,234.59,234.59
location_demo,2,2024-07-22T07:00:00,126.71,126.71
location_demo,2,2024-07-22T12:00:00,179.33,179.33
location_demo,2,2024-07-22T17:00:00,208.35,208.35
location_demo,2,2024-07-23T07:00:00,125.65,125.65
location_demo,2,2024-07-23T12:00:00,158.05,158.05
location_demo,2,2024-07-23T17:00:00,186.66,186.66
location_demo,2,2024-07-24T07:00:00,124.82,124.82
location_demo,2,2024-07-24T12:00:00,160.89,160.89
location_demo,2,2024-07-24T17:00:00,172.23,172.23
location_demo,2,2024-07-25T07:00:00,132.3,132.3
location_demo,2,2024-07-25T12:00:00,150.18,150.18
location_demo,2,2024-07-25T17:00:00,205.37,205.37
location_demo,2,2024-07-26T07:00:00,126.18,126.18
location_demo,2,2024-07-26T12:00:00,159.22,159.22
location_demo,2,2024-07-26T17:00:00,182.94,182.94
location_demo,2,2024-07-27T07:00:00,151.64,151.64
location_demo,2,2024-07-27T12:00:00,151.12,151.12
location_demo,2,2024-07-27T17:00:00,219.0,219.0
location_demo,2,2024-07-28T07:00:00,141.17,141.17
location_demo,2,2024-07-28T12:00:00,207.56,207.56
location_demo,2,2024-07-28T17:00:00,216.5,216.5
location_demo,2,2024-07-29T07:00:00,103.92,103.92
location_demo,2,2024-07-29T12:00:00,154.29,154.29
location_demo,2,2024-07-29T17:00:00,180.67,180.67
location_demo,2,2024-07-30T07:00:00,125.39,125.39
location_demo,2,2024-07-30T12:00:00,188.93,188.93
location_demo,2,2024-07-30T17:00:00,212.68,212.68
location_demo,2,2024-07-31T07:00:00,97.69,97.69
location_demo,2,2024-07-31T12:00:00,163.1,163.1
location_demo,2,2024-07-31T17:00:00,184.42,184.42
location_demo,2,2024-08-01T07:00:00,158.22,158.22
location_demo,2,2024-08-01T12:00:00,169.3,169.3
location_demo,2,2024-08-01T17:00:00,212.07,212.07
location_demo,2,2024-08-02T07:00:00,120.79,120.79
location_demo,2,2024-08-02T12:00:00,154.68,154.68
location_demo,2,2024-08-02T17:00:00,210.08,210.08
location_demo,2,2024-08-03T07:00:00,134.53,134.53
location_demo,2,2024-08-03T12:00:00,185.08,185.08
location_demo,2,2024-08-03T17:00:00,211.6,211.6
location_demo,2,2024-08-04T07:00:00,158.8,158.8
location_demo,2,2024-08-04T12:00:00,180.96,180.96
location_demo,2,2024-08-04T17:00:00,219.68,219.68
location_demo,2,2024-08-05T07:00:00,113.73,113.73
location_demo,2,2024-08-05T12:00:00,143.2,143.2
location_demo,2,2024-08-05T17:00:00,175.33,175.33
location_demo,2,2024-08-06T07:00:00,120.84,120.84
location_demo,2,2024-08-06T12:00:00,160.02,160.02
location_demo,2,2024-08-06T17:00:00,175.19,175.19
location_demo,2,2024-08-07T07:00:00,109.49,109.49
location_demo,2,2024-08-07T12:00:00,165.65,165.65
location_demo,2,2024-08-07T17:00:00,193.48,193.48
location_demo,2,2024-08-08T07:00:00,121.08,121.08
location_demo,2,2024-08-08T12:00:00,155.63,155.63
location_demo,2,2024-08-08T17:00:00,173.42,173.42
location_demo,2,2024-08-09T07:00:00,124.66,124.66
location_demo,2,2024-08-09T12:00:00,155.6,155.6
location_demo,2,2024-08-09T17:00:00,183.88,183.88
location_demo,2,2024-08-10T07:00:00,157.95,157.95
location_demo,2,2024-08-10T12:00:00,206.59,206.59
location_demo,2,2024-08-10T17:00:00,201.46,201.46
location_demo,2,2024-08-11T07:00:00,132.14,132.14
location_demo,2,2024-08-11T12:00:00,167.19,167.19
location_demo,2,2024-08-11T17:00:00,160.21,160.21
location_demo,2,2024-08-12T07:00:00,128.36,128.36
location_demo,2,2024-08-12T12:00:00,140.5,140.5
location_demo,2,2024-08-12T17:00:00,154.84,154.84
location_demo,2,2024-08-13T07:00:00,95.34,95.34
location_demo,2,2024-08-13T12:00:00,110.68,110.68
location_demo,2,2024-08-13T17:00:00,147.84,147.84
location_demo,2,2024-08-14T07:00:00,146.65,146.65
location_demo,2,2024-08-14T12:00:00,181.06,181.06
location_demo,2,2024-08-14T17:00:00,176.56,176.56
location_demo,2,2024-08-15T07:00:00,104.42,104.42
location_demo,2,2024-08-15T12:00:00,155.37,155.37
location_demo,2,2024-08-15T17:00:00,178.05,178.05
location_demo,2,2024-08-16T07:00:00,139.93,139.93
location_demo,2,2024-08-16T12:00:00,179.36,179.36
location_demo,2,2024-08-16T17:00:00,191.1,191.1
location_demo,2,2024-08-17T07:00:00,155.24,155.24
location_demo,2,2024-08-17T12:00:00,194.59,194.59
location_demo,2,2024-08-17T17:00:00,217.92,217.92
location_demo,2,2024-08-18T07:00:00,145.78,145.78
location_demo,2,2024-08-18T12:00:00,178.94,178.94
location_demo,2,2024-08-18T17:00:00,233.27,233.27
location_demo,2,2024-08-19T07:00:00,134.01,134.01
location_demo,2,2024-08-19T12:00:00,148.05,148.05
location_demo,2,2024-08-19T17:00:00,168.34,168.34
location_demo,2,2024-08-20T07:00:00,119.31,119.31
location_demo,2,2024-08-20T12:00:00,163.1,163.1
location_demo,2,2024-08-20T17:00:00,169.27,169.27
location_demo,2,2024-08-21T07:00:00,141.95,141.95
location_demo,2,2024-08-21T12:00:00,155.91,155.91
location_demo,2,2024-08-21T17:00:00,192.09,192.09
location_demo,2,2024-08-22T07:00:00,125.17,125.17
location_demo,2,2024-08-22T12:00:00,159.1,159.1
location_demo,2,2024-08-22T17:00:00,166.61,166.61
location_demo,2,2024-08-23T07:00:00,130.94,130.94
location_demo,2,2024-08-23T12:00:00,141.96,141.96
location_demo,2,2024-08-23T17:00:00,196.7,196.7
location_demo,2,2024-08-24T07:00:00,145.54,145.54
location_demo,2,2024-08-24T12:00:00,157.49,157.49
location_demo,2,2024-08-24T17:00:00,223.51,223.51
location_demo,2,2024-08-25T07:00:00,119.76,119.76
location_demo,2,2024-08-25T12:00:00,197.15,197.15
location_demo,2,2024-08-25T17:00:00,208.45,208.45
location_demo,2,2024-08-26T07:00:00,107.29,107.29
location_demo,2,2024-08-26T12:00:00,166.19,166.19
location_demo,2,2024-08-26T17:00:00,181.25,181.25
location_demo,2,2024-08-27T07:00:00,126.89,126.89
location_demo,2,2024-08-27T12:00:00,169.39,169.39
location_demo,2,2024-08-27T17:00:00,218.75,218.75
location_demo,2,2024-08-28T07:00:00,149.17,149.17
location_demo,2,2024-08-28T12:00:00,151.81,151.81
location_demo,2,2024-08-28T17:00:00,183.36,183.36
location_demo,2,2024-08-29T07:00:00,112.28,112.28
location_demo,2,2024-08-29T12:00:00,173.37,173.37
location_demo,2,2024-08-29T17:00:00,169.31,169.31
location_demo,2,2024-08-30T07:00:00,131.24,131.24
location_demo,2,2024-08-30T12:00:00,137.86,137.86
location_demo,2,2024-08-30T17:00:00,166.5,166.5
location_demo,2,2024-08-31T07:00:00,145.95,145.95
location_demo,2,2024-08-31T12:00:00,178.91,178.91
location_demo,2,2024-08-31T17:00:00,236.05,236.05
location_demo,2,2024-09-01T07:00:00,100.58,100.58
location_demo,2,2024-09-01T12:00:00,163.44,163.44
location_demo,2,2024-09-01T17:00:00,158.01,158.01
location_demo,2,2024-09-02T07:00:00,113.63,113.63
location_demo,2,2024-09-02T12:00:00,122.48,122.48
location_demo,2,2024-09-02T17:00:00,168.33,168.33
location_demo,2,2024-09-03T07:00:00,112.36,112.36
location_demo,2,2024-09-03T12:00:00,178.5,178.5
location_demo,2,2024-09-03T17:00:00,190.07,190.07
location_demo,2,2024-09-04T07:00:00,107.32,107.32
location_demo,2,2024-09-04T12:00:00,176.9,176.9
location_demo,2,2024-09-04T17:00:00,198.09,198.09
location_demo,2,2024-09-05T07:00:00,97.35,97.35
location_demo,2,2024-09-05T12:00:00,156.57,156.57
location_demo,2,2024-09-05T17:00:00,203.07,203.07
location_demo,2,2024-09-06T07:00:00,126.85,126.85
location_demo,2,2024-09-06T12:00:00,184.11,184.11
location_demo,2,2024-09-06T17:00:00,227.41,227.41
location_demo,2,2024-09-07T07:00:00,128.11,128.11
location_demo,2,2024-09-07T12:00:00,206.68,206.68
location_demo,2,2024-09-07T17:00:00,228.83,228.83
location_demo,2,2024-09-08T07:00:00,117.12,117.12
location_demo,2,2024-09-08T12:00:00,202.73,202.73
location_demo,2,2024-09-08T17:00:00,218.26,218.26
location_demo,2,2024-09-09T07:00:00,99.71,99.71
location_demo,2,2024-09-09T12:00:00,155.67,155.67
location_demo,2,2024-09-09T17:00:00,186.58,186.58
location_demo,2,2024-09-10T07:00:00,127.43,127.43
location_demo,2,2024-09-10T12:00:00,138.11,138.11
location_demo,2,2024-09-10T17:00:00,163.21,163.21
location_demo,2,2024-09-11T07:00:00,121.38,121.38
location_demo,2,2024-09-11T12:00:00,174.95,174.95
location_demo,2,2024-09-11T17:00:00,207.13,207.13
location_demo,2,2024-09-12T07:00:00,114.32,114.32
location_demo,2,2024-09-12T12:00:00,157.42,157.42
location_demo,2,2024-09-12T17:00:00,167.15,167.15
location_demo,2,2024-09-13T07:00:00,141.09,141.09
location_demo,2,2024-09-13T12:00:00,181.39,181.39
location_demo,2,2024-09-13T17:00:00,189.84,189.84
location_demo,2,2024-09-14T07:00:00,135.53,135.53
location_demo,2,2024-09-14T12:00:00,184.02,184.02
location_demo,2,2024-09-14T17:00:00,233.59,233.59
location_demo,2,2024-09-15T07:00:00,139.31,139.31
location_demo,2,2024-09-15T12:00:00,167.38,167.38
location_demo,2,2024-09-15T17:00:00,198.72,198.72
location_demo,2,2024-09-16T07:00:00,123.77,123.77
location_demo,2,2024-09-16T12:00:00,155.77,155.77
location_demo,2,2024-09-16T17:00:00,176.53,176.53
location_demo,2,2024-09-17T07:00:00,114.91,114.91
location_demo,2,2024-09-17T12:00:00,162.36,162.36
location_demo,2,2024-09-17T17:00:00,191.29,191.29
location_demo,2,2024-09-18T07:00:00,126.65,126.65
location_demo,2,2024-09-18T12:00:00,182.84,182.84
location_demo,2,2024-09-18T17:00:00,216.1,216.1
location_demo,2,2024-09-19T07:00:00,122.85,122.85
location_demo,2,2024-09-19T12:00:00,163.37,163.37
location_demo,2,2024-09-19T17:00:00,224.64,224.64
location_demo,2,2024-09-20T07:00:00,131.72,131.72
location_demo,2,2024-09-20T12:00:00,161.16,161.16
location_demo,2,2024-09-20T17:00:00,180.81,180.81
location_demo,2,2024-09-21T07:00:00,111.41,111.41
location_demo,2,2024-09-21T12:00:00,176.29,176.29
location_demo,2,2024-09-21T17:00:00,198.83,198.83
location_demo,2,2024-09-22T07:00:00,121.27,121.27
location_demo,2,2024-09-22T12:00:00,210.1,210.1
location_demo,2,2024-09-22T17:00:00,216.75,216.75
location_demo,2,2024-09-23T07:00:00,117.27,117.27
location_demo,2,2024-09-23T12:00:00,157.28,157.28
location_demo,2,2024-09-23T17:00:00,174.21,174.21
location_demo,2,2024-09-24T07:00:00,122.15,122.15
location_demo,2,2024-09-24T12:00:00,152.57,152.57
location_demo,2,2024-09-24T17:00:00,167.54,167.54
location_demo,2,2024-09-25T07:00:00,113.36,113.36
location_demo,2,2024-09-25T12:00:00,159.14,159.14
location_demo,2,2024-09-25T17:00:00,181.0,181.0
location_demo,2,2024-09-26T07:00:00,127.82,127.82
location_demo,2,2024-09-26T12:00:00,133.41,133.41
location_demo,2,2024-09-26T17:00:00,184.78,184.78
location_demo,2,2024-09-27T07:00:00,125.05,125.05
location_demo,2,2024-09-27T12:00:00,161.68,161.68
location_demo,2,2024-09-27T17:00:00,157.3,157.3
location_demo,2,2024-09-28T07:00:00,125.95,125.95
location_demo,2,2024-09-28T12:00:00,165.61,165.61
location_demo,2,2024-09-28T17:00:00,204.65,204.65
location_demo,2,2024-09-29T07:00:00,108.43,108.43
location_demo,2,2024-09-29T12:00:00,184.73,184.73
location_demo,2,2024-09-29T17:00:00,212.3,212.3
location_demo,2,2024-09-30T07:00:00,118.65,118.65
location_demo,2,2024-09-30T12:00:00,166.0,166.0
location_demo,2,2024-09-30T17:00:00,184.63,184.63
location_demo,2,2024-10-01T07:00:00,111.43,111.43
location_demo,2,2024-10-01T12:00:00,178.7,178.7
location_demo,2,2024-10-01T17:00:00,202.68,202.68
location_demo,2,2024-10-02T07:00:00,137.11,137.11
location_demo,2,2024-10-02T12:00:00,161.84,161.84
location_demo,2,2024-10-02T17:00:00,180.98,180.98
location_demo,2,2024-10-03T07:00:00,122.29,122.29
location_demo,2,2024-10-03T12:00:00,176.5,176.5
location_demo,2,2024-10-03T17:00:00,226.95,226.95
location_demo,2,2024-10-04T07:00:00,134.38,134.38
location_demo,2,2024-10-04T12:00:00,145.46,145.46
location_demo,2,2024-10-04T17:00:00,169.98,169.98
location_demo,2,2024-10-05T07:00:00,135.93,135.93
location_demo,2,2024-10-05T12:00:00,195.35,195.35
location_demo,2,2024-10-05T17:00:00,250.74,250.74
location_demo,2,2024-10-06T07:00:00,111.98,111.98
location_demo,2,2024-10-06T12:00:00,187.49,187.49
location_demo,2,2024-10-06T17:00:00,202.14,202.14
location_demo,2,2024-10-07T07:00:00,103.83,103.83
location_demo,2,2024-10-07T12:00:00,160.65,160.65
location_demo,2,2024-10-07T17:00:00,182.85,182.85
location_demo,2,2024-10-08T07:00:00,106.49,106.49
location_demo,2,2024-10-08T12:00:00,162.06,162.06
location_demo,2,2024-10-08T17:00:00,159.6,159.6
location_demo,2,2024-10-09T07:00:00,136.64,136.64
location_demo,2,2024-10-09T12:00:00,133.77,133.77
location_demo,2,2024-10-09T17:00:00,170.36,170.36
location_demo,2,2024-10-10T07:00:00,129.65,129.65
location_demo,2,2024-10-10T12:00:00,166.71,166.71
location_demo,2,2024-10-10T17:00:00,169.62,169.62
location_demo,2,2024-10-11T07:00:00,134.84,134.84
location_demo,2,2024-10-11T12:00:00,198.85,198.85
location_demo,2,2024-10-11T17:00:00,206.42,206.42
location_demo,2,2024-10-12T07:00:00,154.43,154.43
location_demo,2,2024-10-12T12:00:00,181.59,181.59
location_demo,2,2024-10-12T17:00:00,202.09,202.09
location_demo,2,2024-10-13T07:00:00,130.03,130.03
location_demo,2,2024-10-13T12:00:00,143.64,143.64
location_demo,2,2024-10-13T17:00:00,195.86,195.86
location_demo,2,2024-10-14T07:00:00,126.56,126.56
location_demo,2,2024-10-14T12:00:00,157.58,157.58
location_demo,2,2024-10-14T17:00:00,177.11,177.11
location_demo,2,2024-10-15T07:00:00,90.64,90.64
location_demo,2,2024-10-15T12:00:00,120.21,120.21
location_demo,2,2024-10-15T17:00:00,158.57,158.57
location_demo,2,2024-10-16T07:00:00,132.21,132.21
location_demo,2,2024-10-16T12:00:00,148.65,148.65
location_demo,2,2024-10-16T17:00:00,182.3,182.3
location_demo,2,2024-10-17T07:00:00,124.66,124.66
location_demo,2,2024-10-17T12:00:00,167.65,167.65
location_demo,2,2024-10-17T17:00:00,175.57,175.57
location_demo,2,2024-10-18T07:00:00,129.26,129.26
location_demo,2,2024-10-18T12:00:00,172.06,172.06
location_demo,2,2024-10-18T17:00:00,177.57,177.57
location_demo,2,2024-10-19T07:00:00,144.69,144.69
location_demo,2,2024-10-19T12:00:00,198.0,198.0
location_demo,2,2024-10-19T17:00:00,246.93,246.93
location_demo,2,2024-10-20T07:00:00,134.3,134.3
location_demo,2,2024-10-20T12:00:00,167.3,167.3
location_demo,2,2024-10-20T17:00:00,180.27,180.27
location_demo,2,2024-10-21T07:00:00,134.36,134.36
location_demo,2,2024-10-21T12:00:00,149.83,149.83
location_demo,2,2024-10-21T17:00:00,192.88,192.88
location_demo,2,2024-10-22T07:00:00,104.9,104.9
location_demo,2,2024-10-22T12:00:00,153.38,153.38
location_demo,2,2024-10-22T17:00:00,179.64,179.64
location_demo,2,2024-10-23T07:00:00,104.74,104.74
location_demo,2,2024-10-23T12:00:00,154.64,154.64
location_demo,2,2024-10-23T17:00:00,213.68,213.68
location_demo,2,2024-10-24T07:00:00,143.39,143.39
location_demo,2,2024-10-24T12:00:00,156.52,156.52
location_demo,2,2024-10-24T17:00:00,187.48,187.48
location_demo,2,2024-10-25T07:00:00,131.97,131.97
location_demo,2,2024-10-25T12:00:00,173.18,173.18
location_demo,2,2024-10-25T17:00:00,186.11,186.11
location_demo,2,2024-10-26T07:00:00,149.82,149.82
location_demo,2,2024-10-26T12:00:00,209.01,209.01
location_demo,2,2024-10-26T17:00:00,195.32,195.32
location_demo,2,2024-10-27T07:00:00,124.84,124.84
location_demo,2,2024-10-27T12:00:00,190.9,190.9
location_demo,2,2024-10-27T17:00:00,245.24,245.24
location_demo,2,2024-10-28T07:00:00,127.86,127.86
location_demo,2,2024-10-28T12:00:00,174.86,174.86
location_demo,2,2024-10-28T17:00:00,186.05,186.05
location_demo,2,2024-10-29T07:00:00,97.3,97.3
location_demo,2,2024-10-29T12:00:00,159.62,159.62
location_demo,2,2024-10-29T17:00:00,166.21,166.21
location_demo,2,2024-10-30T07:00:00,114.67,114.67
location_demo,2,2024-10-30T12:00:00,164.34,164.34
location_demo,2,2024-10-30T17:00:00,226.34,226.34
location_demo,2,2024-10-31T07:00:00,113.65,113.65
location_demo,2,2024-10-31T12:00:00,193.2,193.2
location_demo,2,2024-10-31T17:00:00,189.32,189.32
location_demo,2,2024-11-01T07:00:00,126.25,126.25
location_demo,2,2024-11-01T12:00:00,186.56,186.56
location_demo,2,2024-11-01T17:00:00,193.27,193.27
location_demo,2,2024-11-02T07:00:00,133.11,133.11
location_demo,2,2024-11-02T12:00:00,187.45,187.45
location_demo,2,2024-11-02T17:00:00,183.59,183.59
location_demo,2,2024-11-03T07:00:00,108.04,108.04
location_demo,2,2024-11-03T12:00:00,150.57,150.57
location_demo,2,2024-11-03T17:00:00,186.73,186.73
location_demo,2,2024-11-04T07:00:00,115.56,115.56
location_demo,2,2024-11-04T12:00:00,170.69,170.69
location_demo,2,2024-11-04T17:00:00,200.08,200.08
location_demo,2,2024-11-05T07:00:00,115.08,115.08
location_demo,2,2024-11-05T12:00:00,150.95,150.95
location_demo,2,2024-11-05T17:00:00,160.05,160.05
location_demo,2,2024-11-06T07:00:00,117.14,117.14
location_demo,2,2024-11-06T12:00:00,162.89,162.89
location_demo,2,2024-11-06T17:00:00,188.61,188.61
location_demo,2,2024-11-07T07:00:00,119.3,119.3
location_demo,2,2024-11-07T12:00:00,137.42,137.42
location_demo,2,2024-11-07T17:00:00,173.3,173.3
location_demo,2,2024-11-08T07:00:00,132.27,132.27
location_demo,2,2024-11-08T12:00:00,177.02,177.02
location_demo,2,2024-11-08T17:00:00,209.95,209.95
location_demo,2,2024-11-09T07:00:00,145.44,145.44
location_demo,2,2024-11-09T12:00:00,164.5,164.5
location_demo,2,2024-11-09T17:00:00,227.57,227.57
location_demo,2,2024-11-10T07:00:00,119.46,119.46
location_demo,2,2024-11-10T12:00:00,153.96,153.96
location_demo,2,2024-11-10T17:00:00,214.82,214.82
location_demo,2,2024-11-11T07:00:00,97.27,97.27
location_demo,2,2024-11-11T12:00:00,128.13,128.13
location_demo,2,2024-11-11T17:00:00,186.03,186.03
location_demo,2,2024-11-12T07:00:00,117.12,117.12
location_demo,2,2024-11-12T12:00:00,145.27,145.27
location_demo,2,2024-11-12T17:00:00,175.23,175.23
location_demo,2,2024-11-13T07:00:00,97.32,97.32
location_demo,2,2024-11-13T12:00:00,137.21,137.21
location_demo,2,2024-11-13T17:00:00,190.9,190.9
location_demo,2,2024-11-14T07:00:00,98.61,98.61
location_demo,2,2024-11-14T12:00:00,152.94,152.94
location_demo,2,2024-11-14T17:00:00,172.81,172.81
location_demo,2,2024-11-15T07:00:00,119.68,119.68
location_demo,2,2024-11-15T12:00:00,169.01,169.01
location_demo,2,2024-11-15T17:00:00,203.13,203.13
location_demo,2,2024-11-16T07:00:00,142.21,142.21
location_demo,2,2024-11-16T12:00:00,177.13,177.13
location_demo,2,2024-11-16T17:00:00,249.66,249.66
location_demo,2,2024-11-17T07:00:00,119.17,119.17
location_demo,2,2024-11-17T12:00:00,138.74,138.74
location_demo,2,2024-11-17T17:00:00,196.25,196.25
location_demo,2,2024-11-18T07:00:00,92.96,92.96
location_demo,2,2024-11-18T12:00:00,134.48,134.48
location_demo,2,2024-11-18T17:00:00,154.99,154.99
location_demo,2,2024-11-19T07:00:00,131.0,131.0
location_demo,2,2024-11-19T12:00:00,163.86,163.86
location_demo,2,2024-11-19T17:00:00,206.72,206.72
location_demo,2,2024-11-20T07:00:00,134.52,134.52
location_demo,2,2024-11-20T12:00:00,164.04,164.04
location_demo,2,2024-11-20T17:00:00,183.7,183.7
location_demo,2,2024-11-21T07:00:00,106.76,106.76
location_demo,2,2024-11-21T12:00:00,175.89,175.89
location_demo,2,2024-11-21T17:00:00,192.07,192.07
location_demo,2,2024-11-22T07:00:00,111.44,111.44
location_demo,2,2024-11-22T12:00:00,184.16,184.16
location_demo,2,2024-11-22T17:00:00,199.89,199.89
location_demo,2,2024-11-23T07:00:00,118.85,118.85
location_demo,2,2024-11-23T12:00:00,164.7,164.7
location_demo,2,2024-11-23T17:00:00,239.09,239.09
location_demo,2,2024-11-24T07:00:00,117.64,117.64
location_demo,2,2024-11-24T12:00:00,149.95,149.95
location_demo,2,2024-11-24T17:00:00,189.04,189.04
location_demo,2,2024-11-25T07:00:00,127.06,127.06
location_demo,2,2024-11-25T12:00:00,140.97,140.97
location_demo,2,2024-11-25T17:00:00,184.64,184.64
location_demo,2,2024-11-26T07:00:00,120.4,120.4
location_demo,2,2024-11-26T12:00:00,148.11,148.11
location_demo,2,2024-11-26T17:00:00,153.02,153.02
location_demo,2,2024-11-27T07:00:00,126.07,126.07
location_demo,2,2024-11-27T12:00:00,147.74,147.74
location_demo,2,2024-11-27T17:00:00,202.52,202.52
location_demo,2,2024-11-28T07:00:00,115.35,115.35
location_demo,2,2024-11-28T12:00:00,170.81,170.81
location_demo,2,2024-11-28T17:00:00,175.43,175.43
location_demo,2,2024-11-29T07:00:00,137.33,137.33
location_demo,2,2024-11-29T12:00:00,208.83,208.83
location_demo,2,2024-11-29T17:00:00,220.39,220.39
location_demo,2,2024-11-30T07:00:00,126.34,126.34
location_demo,2,2024-11-30T12:00:00,181.85,181.85
location_demo,2,2024-11-30T17:00:00,205.01,205.01
location_demo,2,2024-12-01T07:00:00,161.32,161.32
location_demo,2,2024-12-01T12:00:00,163.11,163.11
location_demo,2,2024-12-01T17:00:00,211.52,211.52
location_demo,2,2024-12-02T07:00:00,106.67,106.67
location_demo,2,2024-12-02T12:00:00,169.74,169.74
location_demo,2,2024-12-02T17:00:00,176.7,176.7
location_demo,2,2024-12-03T07:00:00,96.65,96.65
location_demo,2,2024-12-03T12:00:00,163.44,163.44
location_demo,2,2024-12-03T17:00:00,183.69,183.69
location_demo,2,2024-12-04T07:00:00,134.94,134.94
location_demo,2,2024-12-04T12:00:00,147.42,147.42
location_demo,2,2024-12-04T17:00:00,179.23,179.23
location_demo,2,2024-12-05T07:00:00,97.18,97.18
location_demo,2,2024-12-05T12:00:00,158.0,158.0
location_demo,2,2024-12-05T17:00:00,191.57,191.57
location_demo,2,2024-12-06T07:00:00,142.9,142.9
location_demo,2,2024-12-06T12:00:00,197.08,197.08
location_demo,2,2024-12-06T17:00:00,216.44,216.44
location_demo,2,2024-12-07T07:00:00,122.32,122.32
location_demo,2,2024-12-07T12:00:00,170.82,170.82
location_demo,2,2024-12-07T17:00:00,213.0,213.0
location_demo,2,2024-12-08T07:00:00,166.78,166.78
location_demo,2,2024-12-08T12:00:00,202.29,202.29
location_demo,2,2024-12-08T17:00:00,250.07,250.07
location_demo,2,2024-12-09T07:00:00,111.12,111.12
location_demo,2,2024-12-09T12:00:00,163.49,163.49
location_demo,2,2024-12-09T17:00:00,194.79,194.79
location_demo,2,2024-12-10T07:00:00,128.5,128.5
location_demo,2,2024-12-10T12:00:00,172.14,172.14
location_demo,2,2024-12-10T17:00:00,211.14,211.14
location_demo,2,2024-12-11T07:00:00,109.69,109.69
location_demo,2,2024-12-11T12:00:00,172.38,172.38
location_demo,2,2024-12-11T17:00:00,189.94,189.94
location_demo,2,2024-12-12T07:00:00,130.65,130.65
location_demo,2,2024-12-12T12:00:00,178.88,178.88
location_demo,2,2024-12-12T17:00:00,220.62,220.62
location_demo,2,2024-12-13T07:00:00,120.16,120.16
location_demo,2,2024-12-13T12:00:00,206.37,206.37
location_demo,2,2024-12-13T17:00:00,214.67,214.67
location_demo,2,2024-12-14T07:00:00,131.69,131.69
location_demo,2,2024-12-14T12:00:00,179.59,179.59
location_demo,2,2024-12-14T17:00:00,223.0,223.0
location_demo,2,2024-12-15T07:00:00,153.41,153.41
location_demo,2,2024-12-15T12:00:00,194.58,194.58
location_demo,2,2024-12-15T17:00:00,232.04,232.04
location_demo,2,2024-12-16T07:00:00,120.19,120.19
location_demo,2,2024-12-16T12:00:00,157.96,157.96
location_demo,2,2024-12-16T17:00:00,185.9,185.9
location_demo,2,2024-12-17T07:00:00,107.93,107.93
location_demo,2,2024-12-17T12:00:00,162.65,162.65
location_demo,2,2024-12-17T17:00:00,195.57,195.57
location_demo,2,2024-12-18T07:00:00,151.6,151.6
location_demo,2,2024-12-18T12:00:00,157.31,157.31
location_demo,2,2024-12-18T17:00:00,186.96,186.96
location_demo,2,2024-12-19T07:00:00,136.37,136.37
location_demo,2,2024-12-19T12:00:00,155.47,155.47
location_demo,2,2024-12-19T17:00:00,178.34,178.34
location_demo,2,2024-12-20T07:00:00,145.07,145.07
location_demo,2,2024-12-20T12:00:00,219.32,219.32
location_demo,2,2024-12-20T17:00:00,220.28,220.28
location_demo,2,2024-12-21T07:00:00,141.65,141.65
location_demo,2,2024-12-21T12:00:00,189.45,189.45
location_demo,2,2024-12-21T17:00:00,238.21,238.21
location_demo,2,2024-12-22T07:00:00,134.74,134.74
location_demo,2,2024-12-22T12:00:00,214.74,214.74
location_demo,2,2024-12-22T17:00:00,256.17,256.17
location_demo,2,2024-12-23T07:00:00,134.65,134.65
location_demo,2,2024-12-23T12:00:00,165.83,165.83
location_demo,2,2024-12-23T17:00:00,168.51,168.51
location_demo,2,2024-12-24T07:00:00,112.28,112.28
location_demo,2,2024-12-24T12:00:00,189.75,189.75
location_demo,2,2024-12-24T17:00:00,211.25,211.25
location_demo,2,2024-12-25T07:00:00,123.4,123.4
location_demo,2,2024-12-25T12:00:00,163.48,163.48
location_demo,2,2024-12-25T17:00:00,196.48,196.48
location_demo,2,2024-12-26T07:00:00,130.56,130.56
location_demo,2,2024-12-26T12:00:00,177.33,177.33
location_demo,2,2024-12-26T17:00:00,173.12,173.12
location_demo,2,2024-12-27T07:00:00,122.06,122.06
location_demo,2,2024-12-27T12:00:00,146.68,146.68
location_demo,2,2024-12-27T17:00:00,205.6,205.6
location_demo,2,2024-12-28T07:00:00,155.33,155.33
location_demo,2,2024-12-28T12:00:00,174.98,174.98
location_demo,2,2024-12-28T17:00:00,247.84,247.84
location_demo,2,2024-12-29T07:00:00,126.03,126.03
location_demo,2,2024-12-29T12:00:00,189.55,189.55
location_demo,2,2024-12-29T17:00:00,213.13,213.13
location_demo,2,2024-12-30T07:00:00,138.18,138.18
location_demo,2,2024-12-30T12:00:00,154.08,154.08
location_demo,2,2024-12-30T17:00:00,190.87,190.87
